date,Open,High,Low,Close,Adj Close,Volume,symbol,Dividends,Stock Splits
2024-10-15 04:00:00+00:00,11.149999618530272,11.170000076293944,11.119999885559082,11.149999618530272,10.753042221069336,112800,BLE,,
2024-10-16 04:00:00+00:00,11.149999618530272,11.199999809265137,11.149999618530272,11.1899995803833,10.791619300842283,138200,BLE,,
2024-10-17 04:00:00+00:00,11.18000030517578,11.199999809265137,11.170000076293944,11.199999809265137,10.801262855529783,50000,BLE,,
2024-10-18 04:00:00+00:00,11.239999771118164,11.270000457763672,11.229999542236328,11.229999542236328,10.830195426940918,60800,BLE,,
2024-10-21 04:00:00+00:00,11.229999542236328,11.289999961853027,11.170000076293944,11.170000076293944,10.772332191467283,55400,BLE,,
2024-10-22 04:00:00+00:00,11.15999984741211,11.170000076293944,11.06999969482422,11.079999923706056,10.68553638458252,87000,BLE,,
2024-10-23 04:00:00+00:00,11.020000457763672,11.109999656677246,10.899999618530272,10.920000076293944,10.531232833862305,121400,BLE,,
2024-10-24 04:00:00+00:00,10.920000076293944,10.93000030517578,10.729999542236328,10.800000190734863,10.415505409240724,130000,BLE,,
2024-10-25 04:00:00+00:00,10.800000190734863,10.9399995803833,10.800000190734863,10.880000114440918,10.492656707763672,79100,BLE,,
2024-10-28 04:00:00+00:00,10.880000114440918,10.880000114440918,10.8100004196167,10.81999969482422,10.434791564941406,113000,BLE,,
2024-10-29 04:00:00+00:00,10.760000228881836,10.779999732971191,10.720000267028809,10.720000267028809,10.338353157043455,146200,BLE,,
2024-10-30 04:00:00+00:00,10.729999542236328,10.770000457763672,10.699999809265137,10.760000228881836,10.37692928314209,219500,BLE,,
2024-10-31 04:00:00+00:00,10.720000267028809,10.84000015258789,10.710000038146973,10.84000015258789,10.454079627990724,117600,BLE,,
2024-11-01 04:00:00+00:00,10.84000015258789,10.869999885559082,10.720000267028809,10.75,10.367284774780272,151700,BLE,,
2024-11-04 05:00:00+00:00,10.760000228881836,10.829999923706056,10.760000228881836,10.800000190734863,10.415505409240724,99200,BLE,,
2024-11-05 05:00:00+00:00,10.800000190734863,10.850000381469728,10.779999732971191,10.789999961853027,10.405860900878906,88900,BLE,,
2024-11-06 05:00:00+00:00,10.789999961853027,10.789999961853027,10.649999618530272,10.68000030517578,10.299777030944824,205300,BLE,,
2024-11-07 05:00:00+00:00,10.739999771118164,10.800000190734863,10.720000267028809,10.770000457763672,10.38657283782959,163700,BLE,,
2024-11-08 05:00:00+00:00,10.81999969482422,10.869999885559082,10.81999969482422,10.859999656677246,10.473368644714355,111600,BLE,,
2024-11-11 05:00:00+00:00,10.890000343322754,10.979999542236328,10.869999885559082,10.90999984741211,10.521588325500488,96700,BLE,,
2024-11-12 05:00:00+00:00,10.880000114440918,10.880000114440918,10.760000228881836,10.800000190734863,10.415505409240724,82500,BLE,,
2024-11-13 05:00:00+00:00,10.869999885559082,10.880000114440918,10.81999969482422,10.880000114440918,10.492656707763672,98900,BLE,,
2024-11-14 05:00:00+00:00,10.880000114440918,10.9399995803833,10.829999923706056,10.93000030517578,10.540876388549805,80500,BLE,,
2024-11-15 05:00:00+00:00,10.869999885559082,10.90999984741211,10.779999732971191,10.789999961853027,10.457527160644531,90100,BLE,,
2024-11-18 05:00:00+00:00,10.770000457763672,10.789999961853027,10.729999542236328,10.75,10.418758392333984,138800,BLE,,
2024-11-19 05:00:00+00:00,10.75,10.789999961853027,10.739999771118164,10.75,10.418758392333984,112400,BLE,,
2024-11-20 05:00:00+00:00,10.75,10.789999961853027,10.729999542236328,10.75,10.418758392333984,193900,BLE,,
2024-11-21 05:00:00+00:00,10.789999961853027,10.800000190734863,10.710000038146973,10.720000267028809,10.38968276977539,120400,BLE,,
2024-11-22 05:00:00+00:00,10.720000267028809,10.779999732971191,10.720000267028809,10.739999771118164,10.409066200256348,125300,BLE,,
2024-11-25 05:00:00+00:00,10.770000457763672,10.890000343322754,10.770000457763672,10.84000015258789,10.505987167358398,219100,BLE,,
2024-11-26 05:00:00+00:00,10.800000190734863,10.920000076293944,10.800000190734863,10.890000343322754,10.554445266723633,136500,BLE,,
2024-11-27 05:00:00+00:00,10.93000030517578,10.979999542236328,10.869999885559082,10.970000267028809,10.631980895996094,158100,BLE,,
2024-11-29 05:00:00+00:00,10.989999771118164,11.079999923706056,10.989999771118164,11.079999923706056,10.7385892868042,47000,BLE,,
2024-12-02 05:00:00+00:00,11.0,11.09000015258789,11.0,11.0600004196167,10.71920680999756,152300,BLE,,
2024-12-03 05:00:00+00:00,11.09000015258789,11.09000015258789,11.06999969482422,11.09000015258789,10.748283386230469,126100,BLE,,
2024-12-04 05:00:00+00:00,11.09000015258789,11.119999885559082,11.050000190734863,11.079999923706056,10.7385892868042,107000,BLE,,
2024-12-05 05:00:00+00:00,11.079999923706056,11.079999923706056,11.039999961853027,11.0600004196167,10.71920680999756,148000,BLE,,
2024-12-06 05:00:00+00:00,11.119999885559082,11.119999885559082,11.0600004196167,11.079999923706056,10.7385892868042,131800,BLE,,
2024-12-09 05:00:00+00:00,11.079999923706056,11.079999923706056,10.979999542236328,11.0,10.661055564880373,82300,BLE,,
2024-12-10 05:00:00+00:00,10.979999542236328,11.020000457763672,10.970000267028809,11.0,10.661055564880373,132100,BLE,,
2024-12-11 05:00:00+00:00,11.0600004196167,11.0600004196167,11.020000457763672,11.039999961853027,10.699823379516602,104500,BLE,,
2024-12-12 05:00:00+00:00,11.06999969482422,11.100000381469728,10.960000038146973,10.970000267028809,10.631980895996094,144600,BLE,,
2024-12-13 05:00:00+00:00,10.960000038146973,11.0,10.779999732971191,10.800000190734863,10.467218399047852,211100,BLE,,
2024-12-16 05:00:00+00:00,10.720000267028809,10.84000015258789,10.720000267028809,10.75,10.471114158630373,150100,BLE,,
2024-12-17 05:00:00+00:00,10.720000267028809,10.729999542236328,10.630000114440918,10.640000343322754,10.363968849182127,301800,BLE,,
2024-12-18 05:00:00+00:00,10.600000381469728,10.670000076293944,10.600000381469728,10.600000381469728,10.325006484985352,191300,BLE,,
2024-12-19 05:00:00+00:00,10.630000114440918,10.630000114440918,10.479999542236328,10.489999771118164,10.217859268188477,257100,BLE,,
2024-12-20 05:00:00+00:00,10.5,10.520000457763672,10.470000267028809,10.479999542236328,10.208118438720703,160500,BLE,,
2024-12-23 05:00:00+00:00,10.420000076293944,10.5,10.399999618530272,10.420000076293944,10.149675369262695,228200,BLE,,
2024-12-24 05:00:00+00:00,10.4399995803833,10.5,10.399999618530272,10.4399995803833,10.169156074523926,137400,BLE,,
2024-12-26 05:00:00+00:00,10.4399995803833,10.470000267028809,10.399999618530272,10.43000030517578,10.159416198730469,299500,BLE,,
2024-12-27 05:00:00+00:00,10.380000114440918,10.420000076293944,10.380000114440918,10.380000114440918,10.110713958740234,153100,BLE,,
2024-12-30 05:00:00+00:00,10.380000114440918,10.460000038146973,10.380000114440918,10.420000076293944,10.149675369262695,322300,BLE,,
2024-12-31 05:00:00+00:00,10.420000076293944,10.550000190734863,10.420000076293944,10.510000228881836,10.23734188079834,340000,BLE,,
2025-01-02 05:00:00+00:00,10.529999732971191,10.640000343322754,10.529999732971191,10.56999969482422,10.295784950256348,79900,BLE,,
2025-01-03 05:00:00+00:00,10.600000381469728,10.640000343322754,10.56999969482422,10.630000114440918,10.35422706604004,35200,BLE,,
2025-01-06 05:00:00+00:00,10.600000381469728,10.640000343322754,10.489999771118164,10.550000190734863,10.276302337646484,141300,BLE,,
2025-01-07 05:00:00+00:00,10.550000190734863,10.579999923706056,10.489999771118164,10.579999923706056,10.305523872375488,101800,BLE,,
2025-01-08 05:00:00+00:00,10.59000015258789,10.619999885559082,10.520000457763672,10.529999732971191,10.25682258605957,97700,BLE,,
2025-01-10 05:00:00+00:00,10.510000228881836,10.510000228881836,10.40999984741211,10.420000076293944,10.149675369262695,35400,BLE,,
2025-01-13 05:00:00+00:00,10.470000267028809,10.470000267028809,10.369999885559082,10.399999618530272,10.130193710327148,100400,BLE,,
2025-01-14 05:00:00+00:00,10.359999656677246,10.4399995803833,10.350000381469728,10.420000076293944,10.149675369262695,73800,BLE,,
2025-01-15 05:00:00+00:00,10.460000038146973,10.510000228881836,10.43000030517578,10.489999771118164,10.271087646484377,59800,BLE,,
2025-01-16 05:00:00+00:00,10.470000267028809,10.56999969482422,10.460000038146973,10.550000190734863,10.329834938049316,71300,BLE,,
2025-01-17 05:00:00+00:00,10.550000190734863,10.619999885559082,10.550000190734863,10.579999923706056,10.359209060668944,88000,BLE,,
2025-01-21 05:00:00+00:00,10.609999656677246,10.65999984741211,10.609999656677246,10.649999618530272,10.427748680114746,50600,BLE,,
2025-01-22 05:00:00+00:00,10.619999885559082,10.65999984741211,10.56999969482422,10.649999618530272,10.427748680114746,79000,BLE,,
2025-01-23 05:00:00+00:00,10.609999656677246,10.609999656677246,10.520000457763672,10.600000381469728,10.378792762756348,125600,BLE,,
2025-01-24 05:00:00+00:00,10.59000015258789,10.6899995803833,10.5600004196167,10.670000076293944,10.447331428527832,47800,BLE,,
2025-01-27 05:00:00+00:00,10.65999984741211,10.65999984741211,10.579999923706056,10.640000343322754,10.41795825958252,78400,BLE,,
2025-01-28 05:00:00+00:00,10.649999618530272,10.65999984741211,10.600000381469728,10.65999984741211,10.437539100646973,87600,BLE,,
2025-01-29 05:00:00+00:00,10.640000343322754,10.65999984741211,10.59000015258789,10.640000343322754,10.41795825958252,84500,BLE,,
2025-01-30 05:00:00+00:00,10.65999984741211,10.6899995803833,10.640000343322754,10.68000030517578,10.457122802734377,78400,BLE,,
2025-01-31 05:00:00+00:00,10.699999809265137,10.729999542236328,10.65999984741211,10.710000038146973,10.486495971679688,58200,BLE,,
2025-02-03 05:00:00+00:00,10.68000030517578,10.779999732971191,10.630000114440918,10.75,10.52566146850586,73000,BLE,,
2025-02-04 05:00:00+00:00,10.6899995803833,10.800000190734863,10.6899995803833,10.75,10.52566146850586,92200,BLE,,
2025-02-05 05:00:00+00:00,10.760000228881836,10.84000015258789,10.760000228881836,10.8100004196167,10.5844087600708,76100,BLE,,
2025-02-06 05:00:00+00:00,10.800000190734863,10.84000015258789,10.789999961853027,10.829999923706056,10.603992462158203,107000,BLE,,
2025-02-07 05:00:00+00:00,10.81999969482422,10.829999923706056,10.800000190734863,10.81999969482422,10.594200134277344,51400,BLE,,
2025-02-10 05:00:00+00:00,10.84000015258789,10.869999885559082,10.770000457763672,10.789999961853027,10.564827919006348,59000,BLE,,
2025-02-11 05:00:00+00:00,10.739999771118164,10.8100004196167,10.739999771118164,10.789999961853027,10.564827919006348,42800,BLE,,
2025-02-12 05:00:00+00:00,10.5600004196167,10.75,10.5600004196167,10.729999542236328,10.506077766418455,105300,BLE,,
2025-02-13 05:00:00+00:00,10.729999542236328,10.800000190734863,10.6899995803833,10.720000267028809,10.496288299560549,51400,BLE,,
2025-02-14 05:00:00+00:00,10.739999771118164,10.84000015258789,10.729999542236328,10.829999923706056,10.657678604125977,67600,BLE,,
2025-02-18 05:00:00+00:00,10.81999969482422,10.81999969482422,10.75,10.760000228881836,10.588791847229004,66300,BLE,,
2025-02-19 05:00:00+00:00,10.779999732971191,10.81999969482422,10.739999771118164,10.779999732971191,10.608473777770996,93800,BLE,,
2025-02-20 05:00:00+00:00,10.760000228881836,10.779999732971191,10.729999542236328,10.729999542236328,10.559268951416016,61300,BLE,,
2025-02-21 05:00:00+00:00,10.729999542236328,10.760000228881836,10.720000267028809,10.75,10.578950881958008,62000,BLE,,
2025-02-24 05:00:00+00:00,10.720000267028809,10.729999542236328,10.699999809265137,10.699999809265137,10.529747009277344,80000,BLE,,
2025-02-25 05:00:00+00:00,10.75,10.789999961853027,10.75,10.770000457763672,10.598633766174316,95700,BLE,,
2025-02-26 05:00:00+00:00,10.770000457763672,10.800000190734863,10.729999542236328,10.779999732971191,10.608473777770996,80700,BLE,,
2025-02-27 05:00:00+00:00,10.779999732971191,10.789999961853027,10.729999542236328,10.75,10.578950881958008,69400,BLE,,
2025-02-28 05:00:00+00:00,10.779999732971191,10.81999969482422,10.75,10.81999969482422,10.647836685180664,79900,BLE,,
2025-03-03 05:00:00+00:00,10.800000190734863,10.81999969482422,10.779999732971191,10.800000190734863,10.628155708312988,62500,BLE,,
2025-03-04 05:00:00+00:00,10.81999969482422,10.81999969482422,10.710000038146973,10.710000038146973,10.53958797454834,98900,BLE,,
2025-03-05 05:00:00+00:00,10.770000457763672,10.779999732971191,10.729999542236328,10.770000457763672,10.598633766174316,110500,BLE,,
2025-03-06 05:00:00+00:00,10.729999542236328,10.800000190734863,10.729999542236328,10.75,10.578950881958008,99800,BLE,,
2025-03-07 05:00:00+00:00,10.75,10.770000457763672,10.609999656677246,10.630000114440918,10.460860252380373,65800,BLE,,
2025-03-10 04:00:00+00:00,10.65999984741211,10.68000030517578,10.609999656677246,10.619999885559082,10.451019287109377,63400,BLE,,
2025-03-11 04:00:00+00:00,10.609999656677246,10.649999618530272,10.600000381469728,10.630000114440918,10.460860252380373,76900,BLE,,
2025-03-12 04:00:00+00:00,10.649999618530272,10.649999618530272,10.56999969482422,10.609999656677246,10.44117832183838,41800,BLE,,
2025-03-13 04:00:00+00:00,10.550000190734863,10.550000190734863,10.359999656677246,10.460000038146973,10.29356575012207,121500,BLE,,
2025-03-14 04:00:00+00:00,10.369999885559082,10.4399995803833,10.369999885559082,10.390000343322754,10.277738571166992,89200,BLE,,
2025-03-17 04:00:00+00:00,10.369999885559082,10.43000030517578,10.369999885559082,10.40999984741211,10.29752254486084,65100,BLE,,
2025-03-18 04:00:00+00:00,10.390000343322754,10.420000076293944,10.380000114440918,10.40999984741211,10.29752254486084,93500,BLE,,
2025-03-19 04:00:00+00:00,10.399999618530272,10.399999618530272,10.350000381469728,10.369999885559082,10.257954597473145,78900,BLE,,
2025-03-20 04:00:00+00:00,10.420000076293944,10.5600004196167,10.420000076293944,10.489999771118164,10.376657485961914,137600,BLE,,
2025-03-21 04:00:00+00:00,10.550000190734863,10.670000076293944,10.529999732971191,10.5600004196167,10.44590187072754,85400,BLE,,
2025-03-24 04:00:00+00:00,10.630000114440918,10.8100004196167,10.600000381469728,10.68000030517578,10.564605712890623,195000,BLE,,
2025-03-25 04:00:00+00:00,10.6899995803833,10.720000267028809,10.539999961853027,10.539999961853027,10.426116943359377,72500,BLE,,
2025-03-26 04:00:00+00:00,10.520000457763672,10.550000190734863,10.40999984741211,10.43000030517578,10.317306518554688,89000,BLE,,
2025-03-27 04:00:00+00:00,10.420000076293944,10.460000038146973,10.359999656677246,10.380000114440918,10.26784610748291,52600,BLE,,
2025-03-28 04:00:00+00:00,10.43000030517578,10.470000267028809,10.390000343322754,10.43000030517578,10.317306518554688,86900,BLE,,
2025-03-31 04:00:00+00:00,10.4399995803833,10.520000457763672,10.390000343322754,10.390000343322754,10.277738571166992,96100,BLE,,
2025-04-01 04:00:00+00:00,10.489999771118164,10.5600004196167,10.479999542236328,10.529999732971191,10.416226387023926,113900,BLE,,
2025-04-02 04:00:00+00:00,10.479999542236328,10.520000457763672,10.460000038146973,10.479999542236328,10.366765022277832,110500,BLE,,
2025-04-03 04:00:00+00:00,10.529999732971191,10.550000190734863,10.479999542236328,10.510000228881836,10.396442413330078,66200,BLE,,
2025-04-04 04:00:00+00:00,10.479999542236328,10.539999961853027,10.4399995803833,10.489999771118164,10.376657485961914,296300,BLE,,
2025-04-07 04:00:00+00:00,10.399999618530272,10.489999771118164,10.229999542236328,10.229999542236328,10.119466781616213,171600,BLE,,
2025-04-08 04:00:00+00:00,10.279999732971191,10.350000381469728,9.6899995803833,9.739999771118164,9.634761810302734,408100,BLE,,
2025-04-09 04:00:00+00:00,9.619999885559082,9.970000267028809,9.5600004196167,9.90999984741211,9.80292510986328,195700,BLE,,
2025-04-10 04:00:00+00:00,9.829999923706056,9.899999618530272,9.5600004196167,9.640000343322754,9.535841941833496,253800,BLE,,
2025-04-11 04:00:00+00:00,9.65999984741211,9.829999923706056,9.640000343322754,9.789999961853027,9.684221267700195,151400,BLE,,
2025-04-14 04:00:00+00:00,9.84000015258789,9.90999984741211,9.789999961853027,9.850000381469728,9.743574142456056,218300,BLE,,
2025-04-15 04:00:00+00:00,9.850000381469728,9.90999984741211,9.829999923706056,9.899999618530272,9.847016334533691,68100,BLE,,
2025-04-16 04:00:00+00:00,9.869999885559082,9.890000343322754,9.75,9.850000381469728,9.797285079956056,255400,BLE,,
2025-04-17 04:00:00+00:00,9.850000381469728,9.869999885559082,9.800000190734863,9.84000015258789,9.787338256835938,74800,BLE,,
2025-04-21 04:00:00+00:00,9.800000190734863,9.800000190734863,9.600000381469728,9.609999656677246,9.558568000793455,269400,BLE,,
2025-04-22 04:00:00+00:00,9.68000030517578,9.75,9.649999618530272,9.720000267028809,9.667980194091797,138600,BLE,,
2025-04-23 04:00:00+00:00,9.8100004196167,9.90999984741211,9.760000228881836,9.800000190734863,9.747551918029783,160800,BLE,,
2025-04-24 04:00:00+00:00,9.829999923706056,9.970000267028809,9.829999923706056,9.9399995803833,9.886802673339844,121200,BLE,,
2025-04-25 04:00:00+00:00,9.960000038146973,10.020000457763672,9.949999809265137,9.989999771118164,9.936534881591797,117700,BLE,,
2025-04-28 04:00:00+00:00,9.970000267028809,10.0,9.9399995803833,9.949999809265137,9.896748542785645,126200,BLE,,
2025-04-29 04:00:00+00:00,9.93000030517578,10.100000381469728,9.93000030517578,9.960000038146973,9.906695365905762,202000,BLE,,
2025-04-30 04:00:00+00:00,9.890000343322754,10.09000015258789,9.890000343322754,10.06999969482422,10.016106605529783,106500,BLE,,
2025-05-01 04:00:00+00:00,10.06999969482422,10.119999885559082,10.0600004196167,10.100000381469728,10.045947074890137,123800,BLE,,
2025-05-02 04:00:00+00:00,10.109999656677246,10.130000114440918,10.029999732971191,10.09000015258789,10.03600025177002,120700,BLE,,
2025-05-05 04:00:00+00:00,10.100000381469728,10.100000381469728,10.020000457763672,10.050000190734863,9.996213912963867,88400,BLE,,
2025-05-06 04:00:00+00:00,10.039999961853027,10.130000114440918,10.039999961853027,10.100000381469728,10.045947074890137,51300,BLE,,
2025-05-07 04:00:00+00:00,10.100000381469728,10.140000343322754,10.06999969482422,10.109999656677246,10.055892944335938,88000,BLE,,
2025-05-08 04:00:00+00:00,10.15999984741211,10.15999984741211,10.100000381469728,10.130000114440918,10.075785636901855,65600,BLE,,
2025-05-09 04:00:00+00:00,10.140000343322754,10.18000030517578,10.140000343322754,10.15999984741211,10.10562515258789,78400,BLE,,
2025-05-12 04:00:00+00:00,10.199999809265137,10.199999809265137,10.140000343322754,10.1899995803833,10.135464668273926,57800,BLE,,
2025-05-13 04:00:00+00:00,10.170000076293944,10.1899995803833,10.119999885559082,10.15999984741211,10.10562515258789,63600,BLE,,
2025-05-14 04:00:00+00:00,10.170000076293944,10.170000076293944,10.050000190734863,10.09000015258789,10.03600025177002,102100,BLE,,
2025-05-15 04:00:00+00:00,10.050000190734863,10.140000343322754,10.050000190734863,10.119999885559082,10.119999885559082,145500,BLE,,
2025-05-16 04:00:00+00:00,10.130000114440918,10.140000343322754,10.0600004196167,10.079999923706056,10.079999923706056,91100,BLE,,
2025-05-19 04:00:00+00:00,10.010000228881836,10.0600004196167,9.960000038146973,10.050000190734863,10.050000190734863,97900,BLE,,
2025-05-20 04:00:00+00:00,10.029999732971191,10.050000190734863,10.0,10.020000457763672,10.020000457763672,89200,BLE,,
2025-05-21 04:00:00+00:00,9.979999542236328,10.0,9.81999969482422,9.829999923706056,9.829999923706056,170800,BLE,,
2025-05-22 04:00:00+00:00,9.859999656677246,9.899999618530272,9.8100004196167,9.899999618530272,9.899999618530272,80000,BLE,,
2025-05-23 04:00:00+00:00,9.880000114440918,9.90999984741211,9.850000381469728,9.869999885559082,9.869999885559082,110900,BLE,,
2025-05-27 04:00:00+00:00,9.949999809265137,9.979999542236328,9.890000343322754,9.970000267028809,9.970000267028809,60000,BLE,,
2025-05-28 04:00:00+00:00,9.93000030517578,9.970000267028809,9.869999885559082,9.890000343322754,9.890000343322754,166000,BLE,,
2025-05-29 04:00:00+00:00,9.949999809265137,9.989999771118164,9.890000343322754,9.9399995803833,9.9399995803833,85600,BLE,,
2025-05-30 04:00:00+00:00,9.979999542236328,10.010000228881836,9.920000076293944,10.010000228881836,10.010000228881836,123300,BLE,,
2025-06-02 04:00:00+00:00,10.0,10.010000228881836,9.899999618530272,9.960000038146973,9.960000038146973,113700,BLE,,
2025-06-03 04:00:00+00:00,9.949999809265137,10.0,9.899999618530272,9.899999618530272,9.899999618530272,130000,BLE,,
2025-06-04 04:00:00+00:00,9.899999618530272,9.920000076293944,9.869999885559082,9.880000114440918,9.880000114440918,159900,BLE,,
2025-06-05 04:00:00+00:00,9.880000114440918,9.949999809265137,9.869999885559082,9.890000343322754,9.890000343322754,170900,BLE,,
2025-06-06 04:00:00+00:00,9.869999885559082,9.899999618530272,9.81999969482422,9.829999923706056,9.829999923706056,88600,BLE,,
2025-06-09 04:00:00+00:00,9.81999969482422,9.880000114440918,9.81999969482422,9.859999656677246,9.859999656677246,72100,BLE,,
2025-06-10 04:00:00+00:00,9.869999885559082,9.90999984741211,9.84000015258789,9.890000343322754,9.890000343322754,102400,BLE,,
2025-06-11 04:00:00+00:00,9.880000114440918,9.9399995803833,9.859999656677246,9.920000076293944,9.920000076293944,116700,BLE,,
2025-06-12 04:00:00+00:00,9.9399995803833,10.020000457763672,9.9399995803833,9.970000267028809,9.916000366210938,124700,BLE,,
2025-06-13 04:00:00+00:00,9.890000343322754,9.970000267028809,9.850000381469728,9.880000114440918,9.880000114440918,114700,BLE,,
2025-06-16 04:00:00+00:00,9.890000343322754,9.93000030517578,9.890000343322754,9.920000076293944,9.920000076293944,86300,BLE,,
2025-06-17 04:00:00+00:00,9.899999618530272,9.960000038146973,9.899999618530272,9.899999618530272,9.899999618530272,67400,BLE,,
2025-06-18 04:00:00+00:00,9.890000343322754,9.979999542236328,9.890000343322754,9.899999618530272,9.899999618530272,49600,BLE,,
2025-06-20 04:00:00+00:00,9.920000076293944,9.920000076293944,9.859999656677246,9.880000114440918,9.880000114440918,65000,BLE,,
2025-06-23 04:00:00+00:00,9.869999885559082,9.90999984741211,9.81999969482422,9.829999923706056,9.829999923706056,224200,BLE,,
2025-06-24 04:00:00+00:00,9.829999923706056,9.880000114440918,9.81999969482422,9.880000114440918,9.880000114440918,165400,BLE,,
2025-06-25 04:00:00+00:00,9.850000381469728,9.880000114440918,9.829999923706056,9.829999923706056,9.829999923706056,102300,BLE,,
2025-06-26 04:00:00+00:00,9.869999885559082,9.90999984741211,9.84000015258789,9.899999618530272,9.899999618530272,128900,BLE,,
2025-06-27 04:00:00+00:00,9.899999618530272,9.920000076293944,9.880000114440918,9.880000114440918,9.880000114440918,105700,BLE,,
2025-06-30 04:00:00+00:00,9.9399995803833,10.039999961853027,9.899999618530272,10.039999961853027,10.039999961853027,206100,BLE,,
2025-07-01 04:00:00+00:00,10.06999969482422,10.06999969482422,9.989999771118164,10.029999732971191,10.029999732971191,102300,BLE,,
2025-07-02 04:00:00+00:00,10.010000228881836,10.109999656677246,10.010000228881836,10.09000015258789,10.09000015258789,78000,BLE,,
2025-07-03 04:00:00+00:00,10.079999923706056,10.100000381469728,10.050000190734863,10.0600004196167,10.0600004196167,33200,BLE,,
2025-07-07 04:00:00+00:00,10.029999732971191,10.050000190734863,9.93000030517578,9.960000038146973,9.960000038146973,99800,BLE,,
2025-07-08 04:00:00+00:00,9.93000030517578,9.989999771118164,9.93000030517578,9.960000038146973,9.960000038146973,44600,BLE,,
2025-07-09 04:00:00+00:00,9.970000267028809,10.010000228881836,9.949999809265137,9.960000038146973,9.960000038146973,74300,BLE,,
2025-07-10 04:00:00+00:00,9.989999771118164,10.010000228881836,9.9399995803833,9.970000267028809,9.970000267028809,109100,BLE,,
2025-07-11 04:00:00+00:00,9.9399995803833,9.989999771118164,9.93000030517578,9.960000038146973,9.960000038146973,31300,BLE,,
2025-07-14 04:00:00+00:00,9.90999984741211,10.010000228881836,9.859999656677246,9.949999809265137,9.895999908447266,189000,BLE,,
2025-07-15 04:00:00+00:00,9.949999809265137,9.949999809265137,9.880000114440918,9.90999984741211,9.90999984741211,39300,BLE,,
2025-07-16 04:00:00+00:00,9.920000076293944,9.920000076293944,9.800000190734863,9.829999923706056,9.829999923706056,70900,BLE,,
2025-07-17 04:00:00+00:00,9.8100004196167,9.84000015258789,9.779999732971191,9.789999961853027,9.789999961853027,52000,BLE,,
2025-07-18 04:00:00+00:00,9.760000228881836,9.789999961853027,9.6899995803833,9.6899995803833,9.6899995803833,87300,BLE,,
2025-07-21 04:00:00+00:00,9.710000038146973,9.739999771118164,9.630000114440918,9.65999984741211,9.65999984741211,208800,BLE,,
2025-07-22 04:00:00+00:00,9.6899995803833,9.729999542236328,9.68000030517578,9.729999542236328,9.729999542236328,92300,BLE,,
2025-07-23 04:00:00+00:00,9.699999809265137,9.729999542236328,9.68000030517578,9.720000267028809,9.720000267028809,164600,BLE,,
2025-07-24 04:00:00+00:00,9.68000030517578,9.75,9.68000030517578,9.739999771118164,9.739999771118164,130400,BLE,,
2025-07-25 04:00:00+00:00,9.739999771118164,9.779999732971191,9.720000267028809,9.729999542236328,9.729999542236328,65000,BLE,,
2025-07-28 04:00:00+00:00,9.710000038146973,9.75,9.699999809265137,9.710000038146973,9.710000038146973,63600,BLE,,
2025-07-29 04:00:00+00:00,9.710000038146973,9.800000190734863,9.710000038146973,9.739999771118164,9.739999771118164,70700,BLE,,
2025-07-30 04:00:00+00:00,9.739999771118164,9.779999732971191,9.729999542236328,9.760000228881836,9.760000228881836,70500,BLE,,
2025-07-31 04:00:00+00:00,9.760000228881836,9.859999656677246,9.760000228881836,9.81999969482422,9.81999969482422,106300,BLE,,
2025-08-01 04:00:00+00:00,9.829999923706056,9.920000076293944,9.829999923706056,9.90999984741211,9.90999984741211,104300,BLE,,
2025-08-04 04:00:00+00:00,9.899999618530272,9.949999809265137,9.890000343322754,9.920000076293944,9.866216659545898,65300,BLE,,
2025-08-05 04:00:00+00:00,9.960000038146973,9.989999771118164,9.869999885559082,9.970000267028809,9.915946006774902,79500,BLE,,
2025-08-06 04:00:00+00:00,9.920000076293944,9.979999542236328,9.920000076293944,9.960000038146973,9.906000137329102,64400,BLE,,
2025-08-07 04:00:00+00:00,9.979999542236328,9.989999771118164,9.899999618530272,9.960000038146973,9.906000137329102,198600,BLE,,
2025-08-08 04:00:00+00:00,9.93000030517578,9.989999771118164,9.899999618530272,9.920000076293944,9.866216659545898,48800,BLE,,
2025-08-11 04:00:00+00:00,9.9399995803833,9.970000267028809,9.899999618530272,9.93000030517578,9.8761625289917,96200,BLE,,
2025-08-12 04:00:00+00:00,9.899999618530272,9.979999542236328,9.890000343322754,9.960000038146973,9.906000137329102,99600,BLE,,
2025-08-13 04:00:00+00:00,10.0,10.010000228881836,9.960000038146973,9.970000267028809,9.915946006774902,38900,BLE,,
2025-08-14 04:00:00+00:00,9.9399995803833,10.0,9.899999618530272,9.960000038146973,9.906000137329102,143100,BLE,,
2025-08-15 04:00:00+00:00,9.90999984741211,9.9399995803833,9.880000114440918,9.920000076293944,9.920000076293944,73600,BLE,,
2025-08-18 04:00:00+00:00,9.899999618530272,9.9399995803833,9.859999656677246,9.859999656677246,9.859999656677246,38200,BLE,,
2025-08-19 04:00:00+00:00,9.869999885559082,9.899999618530272,9.829999923706056,9.84000015258789,9.84000015258789,85900,BLE,,
2025-08-20 04:00:00+00:00,9.829999923706056,9.859999656677246,9.800000190734863,9.8100004196167,9.609597206115724,103300,BLE,,
2025-08-21 04:00:00+00:00,9.8100004196167,9.84000015258789,9.760000228881836,9.779999732971191,9.580209732055664,86600,BLE,,
2025-08-22 04:00:00+00:00,9.8100004196167,9.90999984741211,9.8100004196167,9.850000381469728,9.64877986907959,88600,BLE,,
2025-08-25 04:00:00+00:00,9.84000015258789,9.880000114440918,9.829999923706056,9.829999923706056,9.62918758392334,81000,BLE,,
2025-08-26 04:00:00+00:00,9.850000381469728,9.850000381469728,9.800000190734863,9.829999923706056,9.62918758392334,99500,BLE,,
2025-08-27 04:00:00+00:00,9.81999969482422,9.84000015258789,9.8100004196167,9.81999969482422,9.619392395019531,115300,BLE,,
2025-08-28 04:00:00+00:00,9.880000114440918,9.890000343322754,9.829999923706056,9.850000381469728,9.64877986907959,44500,BLE,,
2025-08-29 04:00:00+00:00,9.859999656677246,9.960000038146973,9.84000015258789,9.960000038146973,9.756532669067385,68100,BLE,,
2025-09-02 04:00:00+00:00,9.890000343322754,9.93000030517578,9.880000114440918,9.899999618530272,9.697758674621582,76000,BLE,,
2025-09-03 04:00:00+00:00,9.93000030517578,9.960000038146973,9.899999618530272,9.93000030517578,9.72714614868164,105600,BLE,,
2025-09-04 04:00:00+00:00,9.970000267028809,9.979999542236328,9.93000030517578,9.9399995803833,9.736940383911133,84100,BLE,,
2025-09-05 04:00:00+00:00,9.989999771118164,10.0600004196167,9.989999771118164,10.020000457763672,9.8153076171875,167300,BLE,,
2025-09-08 04:00:00+00:00,10.09000015258789,10.220000267028809,10.09000015258789,10.220000267028809,10.011220932006836,108200,BLE,,
2025-09-09 04:00:00+00:00,10.199999809265137,10.260000228881836,10.199999809265137,10.229999542236328,10.021016120910645,186200,BLE,,
2025-09-10 04:00:00+00:00,10.260000228881836,10.34000015258789,10.229999542236328,10.31999969482422,10.10917854309082,158800,BLE,,
2025-09-11 04:00:00+00:00,10.31999969482422,10.399999618530272,10.31999969482422,10.359999656677246,10.148361206054688,101500,BLE,,
2025-09-12 04:00:00+00:00,10.369999885559082,10.4399995803833,10.369999885559082,10.4399995803833,10.226726531982422,65400,BLE,,
2025-09-15 04:00:00+00:00,10.399999618530272,10.4399995803833,10.380000114440918,10.40999984741211,10.250358581542969,76800,BLE,,
2025-09-16 04:00:00+00:00,10.449999809265137,10.470000267028809,10.40999984741211,10.43000030517578,10.270051956176758,109800,BLE,,
2025-09-17 04:00:00+00:00,10.4399995803833,10.479999542236328,10.420000076293944,10.4399995803833,10.279897689819336,222700,BLE,,
2025-09-18 04:00:00+00:00,10.420000076293944,10.449999809265137,10.380000114440918,10.380000114440918,10.220819473266602,389400,BLE,,
2025-09-19 04:00:00+00:00,10.40999984741211,10.40999984741211,10.380000114440918,10.40999984741211,10.250358581542969,74700,BLE,,
2025-09-22 04:00:00+00:00,10.399999618530272,10.420000076293944,10.380000114440918,10.399999618530272,10.24051284790039,138100,BLE,,
2025-09-23 04:00:00+00:00,10.399999618530272,10.43000030517578,10.399999618530272,10.43000030517578,10.270051956176758,35500,BLE,,
2025-09-24 04:00:00+00:00,10.399999618530272,10.399999618530272,10.34000015258789,10.380000114440918,10.220819473266602,58400,BLE,,
2025-09-25 04:00:00+00:00,10.369999885559082,10.380000114440918,10.31999969482422,10.380000114440918,10.220819473266602,69700,BLE,,
2025-09-26 04:00:00+00:00,10.359999656677246,10.380000114440918,10.329999923706056,10.34000015258789,10.181432723999023,62700,BLE,,
2025-09-29 04:00:00+00:00,10.359999656677246,10.40999984741211,10.34000015258789,10.369999885559082,10.210972785949709,85500,BLE,,
2025-09-30 04:00:00+00:00,10.369999885559082,10.449999809265137,10.369999885559082,10.449999809265137,10.289745330810549,69700,BLE,,
2025-10-01 04:00:00+00:00,10.420000076293944,10.479999542236328,10.390000343322754,10.460000038146973,10.29959201812744,74700,BLE,,
2025-10-02 04:00:00+00:00,10.4399995803833,10.460000038146973,10.359999656677246,10.399999618530272,10.24051284790039,272700,BLE,,
2025-10-03 04:00:00+00:00,10.390000343322754,10.390000343322754,10.3100004196167,10.3100004196167,10.151893615722656,138600,BLE,,
2025-10-06 04:00:00+00:00,10.31999969482422,10.369999885559082,10.300000190734863,10.369999885559082,10.210972785949709,108200,BLE,,
2025-10-07 04:00:00+00:00,10.350000381469728,10.40999984741211,10.34000015258789,10.350000381469728,10.191279411315918,104400,BLE,,
2025-10-08 04:00:00+00:00,10.390000343322754,10.449999809265137,10.380000114440918,10.4399995803833,10.279897689819336,118000,BLE,,
2025-10-09 04:00:00+00:00,10.390000343322754,10.4399995803833,10.369999885559082,10.420000076293944,10.260205268859863,120200,BLE,,
2025-10-10 04:00:00+00:00,10.449999809265137,10.479999542236328,10.40999984741211,10.470000267028809,10.309438705444336,119500,BLE,,
2025-10-13 04:00:00+00:00,10.470000267028809,10.539999961853027,10.449999809265137,10.5,10.338977813720703,66300,BLE,,
2025-10-14 04:00:00+00:00,10.520000457763672,10.56999969482422,10.510000228881836,10.56999969482422,10.407904624938965,95800,BLE,,
2025-10-15 04:00:00+00:00,10.479999542236328,10.550000190734863,10.460000038146973,10.5,10.39206886291504,52200,BLE,,
2025-10-16 04:00:00+00:00,10.539999961853027,10.550000190734863,10.479999542236328,10.520000457763672,10.411864280700684,63400,BLE,,
2025-10-17 04:00:00+00:00,10.479999542236328,10.529999732971191,10.4399995803833,10.4399995803833,10.332685470581056,86900,BLE,,
2025-10-20 04:00:00+00:00,10.470000267028809,10.520000457763672,10.449999809265137,10.520000457763672,10.411864280700684,121800,BLE,,
2025-10-21 04:00:00+00:00,10.520000457763672,10.550000190734863,10.5,10.510000228881836,10.40196704864502,49900,BLE,,
2025-10-22 04:00:00+00:00,10.510000228881836,10.539999961853027,10.510000228881836,10.520000457763672,10.411864280700684,68700,BLE,,
2025-10-23 04:00:00+00:00,10.520000457763672,10.539999961853027,10.5,10.529999732971191,10.421760559082031,94800,BLE,,
2025-10-24 04:00:00+00:00,10.520000457763672,10.5600004196167,10.5,10.529999732971191,10.421760559082031,102000,BLE,,
2025-10-27 04:00:00+00:00,10.520000457763672,10.59000015258789,10.520000457763672,10.5600004196167,10.45145320892334,157900,BLE,,
2025-10-28 04:00:00+00:00,10.5600004196167,10.600000381469728,10.529999732971191,10.59000015258789,10.481143951416016,172700,BLE,,
2025-10-29 04:00:00+00:00,10.56999969482422,10.619999885559082,10.529999732971191,10.539999961853027,10.431658744812012,135800,BLE,,
2025-10-30 04:00:00+00:00,10.529999732971191,10.5600004196167,10.510000228881836,10.5600004196167,10.45145320892334,110700,BLE,,
2025-10-31 04:00:00+00:00,10.5600004196167,10.600000381469728,10.529999732971191,10.600000381469728,10.491042137145996,72700,BLE,,
2025-11-03 05:00:00+00:00,10.600000381469728,10.640000343322754,10.510000228881836,10.550000190734863,10.441555976867676,149000,BLE,,
2025-11-04 05:00:00+00:00,10.550000190734863,10.609999656677246,10.520000457763672,10.550000190734863,10.441555976867676,173600,BLE,,
2025-11-05 05:00:00+00:00,10.56999969482422,10.600000381469728,10.520000457763672,10.600000381469728,10.491042137145996,81800,BLE,,
2025-11-06 05:00:00+00:00,10.600000381469728,10.600000381469728,10.520000457763672,10.529999732971191,10.421760559082031,63100,BLE,,
2025-11-07 05:00:00+00:00,10.520000457763672,10.56999969482422,10.510000228881836,10.56999969482422,10.461349487304688,81500,BLE,,
2025-11-10 05:00:00+00:00,10.529999732971191,10.56999969482422,10.520000457763672,10.539999961853027,10.431658744812012,39100,BLE,,
2025-11-11 05:00:00+00:00,10.5600004196167,10.59000015258789,10.539999961853027,10.579999923706056,10.471247673034668,75100,BLE,,
2025-11-12 05:00:00+00:00,10.600000381469728,10.609999656677246,10.5600004196167,10.579999923706056,10.471247673034668,63100,BLE,,
2025-11-13 05:00:00+00:00,10.5600004196167,10.5600004196167,10.510000228881836,10.539999961853027,10.431658744812012,82400,BLE,,
2025-11-14 05:00:00+00:00,10.529999732971191,10.5600004196167,10.4399995803833,10.460000038146973,10.40579319000244,63300,BLE,,
2025-11-17 05:00:00+00:00,10.479999542236328,10.489999771118164,10.4399995803833,10.4399995803833,10.38589572906494,70200,BLE,,
2025-11-18 05:00:00+00:00,10.4399995803833,10.479999542236328,10.43000030517578,10.4399995803833,10.38589572906494,75200,BLE,,
2025-11-19 05:00:00+00:00,10.420000076293944,10.470000267028809,10.380000114440918,10.399999618530272,10.34610366821289,60000,BLE,,
2025-11-20 05:00:00+00:00,10.399999618530272,10.399999618530272,10.3100004196167,10.3100004196167,10.25657081604004,59300,BLE,,
2025-11-21 05:00:00+00:00,10.3100004196167,10.369999885559082,10.300000190734863,10.329999923706056,10.276466369628906,84200,BLE,,
2025-11-24 05:00:00+00:00,10.399999618530272,10.399999618530272,10.350000381469728,10.369999885559082,10.316259384155272,115100,BLE,,
2025-11-25 05:00:00+00:00,10.390000343322754,10.40999984741211,10.359999656677246,10.390000343322754,10.336155891418455,47900,BLE,,
2025-11-26 05:00:00+00:00,10.380000114440918,10.4399995803833,10.380000114440918,10.390000343322754,10.336155891418455,50400,BLE,,
2025-11-28 05:00:00+00:00,10.399999618530272,10.43000030517578,10.350000381469728,10.40999984741211,10.356051445007324,36000,BLE,,
2025-12-01 05:00:00+00:00,10.369999885559082,10.43000030517578,10.329999923706056,10.369999885559082,10.316259384155272,125100,BLE,,
2025-12-02 05:00:00+00:00,10.350000381469728,10.369999885559082,10.3100004196167,10.329999923706056,10.276466369628906,106600,BLE,,
2025-12-03 05:00:00+00:00,10.31999969482422,10.399999618530272,10.31999969482422,10.369999885559082,10.316259384155272,137300,BLE,,
2025-12-04 05:00:00+00:00,10.350000381469728,10.43000030517578,10.34000015258789,10.399999618530272,10.34610366821289,125900,BLE,,
2025-12-05 05:00:00+00:00,10.390000343322754,10.449999809265137,10.390000343322754,10.43000030517578,10.375948905944824,205800,BLE,,
2025-12-08 05:00:00+00:00,10.40999984741211,10.4399995803833,10.350000381469728,10.420000076293944,10.366000175476074,129200,BLE,,
2025-12-09 05:00:00+00:00,10.399999618530272,10.449999809265137,10.380000114440918,10.43000030517578,10.375948905944824,88500,BLE,,
2025-12-10 05:00:00+00:00,10.399999618530272,10.470000267028809,10.399999618530272,10.43000030517578,10.375948905944824,126200,BLE,,
2025-12-11 05:00:00+00:00,10.43000030517578,10.449999809265137,10.420000076293944,10.4399995803833,10.38589572906494,68500,BLE,,
2025-12-12 05:00:00+00:00,10.40999984741211,10.4399995803833,10.350000381469728,10.380000114440918,10.326207160949709,205100,BLE,,
2025-12-15 05:00:00+00:00,10.369999885559082,10.420000076293944,10.329999923706056,10.34000015258789,10.286415100097656,192400,BLE,,
2025-12-16 05:00:00+00:00,10.329999923706056,10.399999618530272,10.329999923706056,10.380000114440918,10.326207160949709,180400,BLE,,
2025-12-17 05:00:00+00:00,10.34000015258789,10.40999984741211,10.34000015258789,10.369999885559082,10.316259384155272,231300,BLE,,
2025-12-18 05:00:00+00:00,10.420000076293944,10.420000076293944,10.380000114440918,10.390000343322754,10.336155891418455,189500,BLE,,
2025-12-19 05:00:00+00:00,10.390000343322754,10.43000030517578,10.359999656677246,10.420000076293944,10.366000175476074,187000,BLE,,
2025-12-22 05:00:00+00:00,10.3100004196167,10.390000343322754,10.3100004196167,10.359999656677246,10.359999656677246,149800,BLE,,
2025-12-23 05:00:00+00:00,10.3100004196167,10.380000114440918,10.300000190734863,10.300000190734863,10.300000190734863,182400,BLE,,
2025-12-24 05:00:00+00:00,10.329999923706056,10.350000381469728,10.279999732971191,10.279999732971191,10.279999732971191,162500,BLE,,
2025-12-26 05:00:00+00:00,10.31999969482422,10.329999923706056,10.25,10.31999969482422,10.31999969482422,431500,BLE,,
2025-12-29 05:00:00+00:00,10.289999961853027,10.350000381469728,10.289999961853027,10.300000190734863,10.300000190734863,263400,BLE,,
2025-12-30 05:00:00+00:00,10.300000190734863,10.43000030517578,10.300000190734863,10.43000030517578,10.43000030517578,268000,BLE,,
2025-12-31 05:00:00+00:00,10.449999809265137,10.449999809265137,10.380000114440918,10.4399995803833,10.4399995803833,138200,BLE,,
2026-01-02 05:00:00+00:00,10.40999984741211,10.479999542236328,10.390000343322754,10.390000343322754,10.390000343322754,102200,BLE,,
2026-01-05 05:00:00+00:00,10.390000343322754,10.420000076293944,10.359999656677246,10.380000114440918,10.380000114440918,129600,BLE,,
2026-01-06 05:00:00+00:00,10.380000114440918,10.4399995803833,10.380000114440918,10.420000076293944,10.420000076293944,60500,BLE,,
2026-01-07 05:00:00+00:00,10.40999984741211,10.479999542236328,10.40999984741211,10.4399995803833,10.4399995803833,156200,BLE,,
2026-01-08 05:00:00+00:00,10.449999809265137,10.479999542236328,10.40999984741211,10.43000030517578,10.43000030517578,88200,BLE,,
2026-01-09 05:00:00+00:00,10.479999542236328,10.510000228881836,10.460000038146973,10.5,10.5,48700,BLE,,
2026-01-12 05:00:00+00:00,10.5,10.520000457763672,10.479999542236328,10.5,10.5,55300,BLE,,
2026-01-13 05:00:00+00:00,10.539999961853027,10.59000015258789,10.489999771118164,10.59000015258789,10.59000015258789,97000,BLE,,
2026-01-14 05:00:00+00:00,10.579999923706056,10.59000015258789,10.460000038146973,10.5600004196167,10.5600004196167,128400,BLE,,
2026-01-15 05:00:00+00:00,10.56999969482422,10.609999656677246,10.5600004196167,10.579999923706056,10.579999923706056,44600,BLE,,
2026-01-16 05:00:00+00:00,10.56999969482422,10.59000015258789,10.520000457763672,10.56999969482422,10.56999969482422,63000,BLE,,
2026-01-20 05:00:00+00:00,10.5,10.529999732971191,10.479999542236328,10.5,10.5,88000,BLE,,
2026-01-21 05:00:00+00:00,10.5,10.550000190734863,10.449999809265137,10.470000267028809,10.416460037231444,80876,BLE,,
2026-01-22 05:00:00+00:00,10.479999542236328,10.529999732971191,10.4399995803833,10.510000228881836,10.456255912780762,159006,BLE,,
2026-01-23 05:00:00+00:00,10.5,10.550000190734863,10.470000267028809,10.489999771118164,10.436357498168944,92059,BLE,,
2026-01-26 05:00:00+00:00,10.510000228881836,10.529999732971191,10.399999618530272,10.449999809265137,10.396561622619627,140482,BLE,,
2026-01-27 05:00:00+00:00,10.449999809265137,10.510000228881836,10.43000030517578,10.479999542236328,10.426408767700195,55375,BLE,,
2026-01-28 05:00:00+00:00,10.460000038146973,10.56999969482422,10.449999809265137,10.510000228881836,10.456255912780762,92665,BLE,,
2026-01-29 05:00:00+00:00,10.5,10.538999557495115,10.449999809265137,10.520000457763672,10.466204643249512,63328,BLE,,
2026-01-30 05:00:00+00:00,10.550000190734863,10.579999923706056,10.479999542236328,10.579999923706056,10.525897026062012,61082,BLE,,
2026-02-02 05:00:00+00:00,10.600000381469728,10.600000381469728,10.520000457763672,10.529999732971191,10.476152420043944,161038,BLE,,
2026-02-03 05:00:00+00:00,10.529999732971191,10.59000015258789,10.529999732971191,10.5600004196167,10.506000518798828,204891,BLE,,
2026-02-04 05:00:00+00:00,10.550000190734863,10.604999542236328,10.529999732971191,10.550000190734863,10.496050834655762,156929,BLE,,
2026-02-05 05:00:00+00:00,10.550000190734863,10.579999923706056,10.550000190734863,10.5600004196167,10.506000518798828,141308,BLE,,
2026-02-06 00:00:00-05:00,10.510000228881836,10.539999961853027,10.489999771118164,10.539999961853027,10.539999961853027,138954,BLE,0.054,0.0
2026-02-09 00:00:00-05:00,10.539999961853027,10.539999961853027,10.539999961853027,10.539999961853027,10.539999961853027,0,BLE,0.0,0.0
