date,Open,High,Low,Close,Adj Close,Volume,symbol,Dividends,Stock Splits,Capital Gains
2024-12-30 05:00:00+00:00,27.38999938964844,27.479999542236328,27.38999938964844,27.46699905395508,27.291614532470703,2500,EAOM,,,
2024-12-31 05:00:00+00:00,27.5,27.5,27.400999069213867,27.400999069213867,27.226036071777344,100,EAOM,,,
2025-01-02 05:00:00+00:00,27.3700008392334,27.38400077819824,27.3700008392334,27.38400077819824,27.20914649963379,600,EAOM,,,
2025-01-03 05:00:00+00:00,27.475000381469727,27.475000381469727,27.475000381469727,27.475000381469727,27.299564361572266,100,EAOM,,,
2025-01-06 05:00:00+00:00,27.57900047302246,27.57999992370605,27.51499938964844,27.52400016784668,27.34825134277344,1700,EAOM,,,
2025-01-07 05:00:00+00:00,27.51000022888184,27.551000595092773,27.36000061035156,27.381999969482425,27.2071590423584,7200,EAOM,,,
2025-01-08 05:00:00+00:00,27.39999961853028,27.39999961853028,27.39999961853028,27.39999961853028,27.22504425048828,100,EAOM,,,
2025-01-10 05:00:00+00:00,27.190000534057617,27.190000534057617,27.13800048828125,27.13800048828125,26.964717864990234,2000,EAOM,,,
2025-01-13 05:00:00+00:00,27.049999237060547,27.11000061035156,27.040000915527344,27.09000015258789,26.917022705078125,16000,EAOM,,,
2025-01-14 05:00:00+00:00,27.16900062561035,27.16900062561035,27.16900062561035,27.16900062561035,26.995519638061523,0,EAOM,,,
2025-01-15 05:00:00+00:00,27.482999801635746,27.482999801635746,27.482999801635746,27.482999801635746,27.307514190673828,200,EAOM,,,
2025-01-16 05:00:00+00:00,27.51099967956543,27.53499984741211,27.51099967956543,27.53499984741211,27.35918235778809,200,EAOM,,,
2025-01-17 05:00:00+00:00,27.6200008392334,27.6200008392334,27.6200008392334,27.6200008392334,27.443639755249023,0,EAOM,,,
2025-01-21 05:00:00+00:00,27.76099967956543,27.80500030517578,27.76099967956543,27.80500030517578,27.62745857238769,400,EAOM,,,
2025-01-22 05:00:00+00:00,27.816999435424805,27.816999435424805,27.816999435424805,27.816999435424805,27.639381408691406,200,EAOM,,,
2025-01-23 05:00:00+00:00,27.76000022888184,27.832000732421875,27.76000022888184,27.832000732421875,27.654285430908203,2100,EAOM,,,
2025-01-24 05:00:00+00:00,27.86400032043457,27.86400032043457,27.86400032043457,27.86400032043457,27.686080932617188,100,EAOM,,,
2025-01-27 05:00:00+00:00,27.75,27.790000915527344,27.75,27.790000915527344,27.6125545501709,3200,EAOM,,,
2025-01-28 05:00:00+00:00,27.809999465942383,27.86000061035156,27.809999465942383,27.86000061035156,27.68210792541504,7700,EAOM,,,
2025-01-29 05:00:00+00:00,27.8700008392334,27.8700008392334,27.780000686645508,27.833999633789062,27.6562728881836,2700,EAOM,,,
2025-01-30 05:00:00+00:00,27.88999938964844,27.93000030517578,27.88999938964844,27.93000030517578,27.751659393310547,400,EAOM,,,
2025-01-31 05:00:00+00:00,27.989999771118164,27.989999771118164,27.809999465942383,27.81999969482422,27.64236068725586,1300,EAOM,,,
2025-02-03 05:00:00+00:00,27.63999938964844,27.76300048828125,27.63999938964844,27.76300048828125,27.58572578430176,1100,EAOM,,,
2025-02-04 05:00:00+00:00,27.881000518798828,27.881000518798828,27.881000518798828,27.881000518798828,27.70297241210937,0,EAOM,,,
2025-02-05 05:00:00+00:00,28.01700019836425,28.01700019836425,28.01700019836425,28.01700019836425,27.838104248046875,0,EAOM,,,
2025-02-06 05:00:00+00:00,28.0,28.03499984741211,28.0,28.03499984741211,27.85598945617676,500,EAOM,,,
2025-02-07 05:00:00+00:00,27.88500022888184,27.88500022888184,27.88500022888184,27.88500022888184,27.70694732666016,200,EAOM,,,
2025-02-10 05:00:00+00:00,28.01000022888184,28.01000022888184,27.95499992370605,27.95499992370605,27.776500701904297,100,EAOM,,,
2025-02-11 05:00:00+00:00,27.84000015258789,27.933000564575195,27.84000015258789,27.933000564575195,27.75464057922364,700,EAOM,,,
2025-02-12 05:00:00+00:00,27.82900047302246,27.82900047302246,27.82900047302246,27.82900047302246,27.65130424499512,100,EAOM,,,
2025-02-13 05:00:00+00:00,28.04800033569336,28.04800033569336,28.04800033569336,28.04800033569336,27.868906021118164,100,EAOM,,,
2025-02-14 05:00:00+00:00,28.09000015258789,28.114999771118164,28.09000015258789,28.114999771118164,27.93547821044922,400,EAOM,,,
2025-02-18 05:00:00+00:00,28.090999603271484,28.090999603271484,28.090999603271484,28.090999603271484,27.911630630493164,100,EAOM,,,
2025-02-19 05:00:00+00:00,28.104999542236328,28.104999542236328,28.104999542236328,28.104999542236328,27.925540924072266,100,EAOM,,,
2025-02-20 05:00:00+00:00,28.114999771118164,28.114999771118164,28.114999771118164,28.114999771118164,27.93547821044922,100,EAOM,,,
2025-02-21 05:00:00+00:00,28.018999099731445,28.018999099731445,28.018999099731445,28.018999099731445,27.84008979797364,100,EAOM,,,
2025-02-24 05:00:00+00:00,28.09000015258789,28.09000015258789,27.979999542236328,27.979999542236328,27.80134010314941,200,EAOM,,,
2025-02-25 05:00:00+00:00,28.06599998474121,28.06599998474121,28.06599998474121,28.06599998474121,27.886791229248047,0,EAOM,,,
2025-02-26 05:00:00+00:00,28.11800003051757,28.11800003051757,28.11800003051757,28.11800003051757,27.938459396362305,100,EAOM,,,
2025-02-27 05:00:00+00:00,27.92799949645996,27.92799949645996,27.92799949645996,27.92799949645996,27.74967193603516,100,EAOM,,,
2025-02-28 05:00:00+00:00,27.89999961853028,28.073999404907227,27.89999961853028,28.073999404907227,27.894739151000977,2900,EAOM,,,
2025-03-03 05:00:00+00:00,27.96999931335449,27.98900032043457,27.96999931335449,27.98900032043457,27.810283660888672,300,EAOM,,,
2025-03-04 05:00:00+00:00,27.878999710083008,27.878999710083008,27.878999710083008,27.878999710083008,27.700984954833984,100,EAOM,,,
2025-03-05 05:00:00+00:00,27.98699951171875,27.98699951171875,27.98699951171875,27.98699951171875,27.80829429626465,100,EAOM,,,
2025-03-06 05:00:00+00:00,27.790000915527344,27.79400062561035,27.790000915527344,27.79400062561035,27.61652946472168,100,EAOM,,,
2025-03-07 05:00:00+00:00,27.854999542236328,27.854999542236328,27.854999542236328,27.854999542236328,27.67713737487793,100,EAOM,,,
2025-03-10 04:00:00+00:00,27.631999969482425,27.631999969482425,27.631999969482425,27.631999969482425,27.45556259155273,100,EAOM,,,
2025-03-11 04:00:00+00:00,27.540000915527344,27.540000915527344,27.535999298095703,27.535999298095703,27.36017417907715,300,EAOM,,,
2025-03-12 04:00:00+00:00,27.53899955749512,27.53899955749512,27.53899955749512,27.53899955749512,27.363155364990234,100,EAOM,,,
2025-03-13 04:00:00+00:00,27.450000762939453,27.450000762939453,27.44099998474121,27.44099998474121,27.26578140258789,6200,EAOM,,,
2025-03-14 04:00:00+00:00,27.643999099731445,27.643999099731445,27.643999099731445,27.643999099731445,27.467485427856445,100,EAOM,,,
2025-03-17 04:00:00+00:00,27.6299991607666,27.761999130249023,27.6299991607666,27.761999130249023,27.584732055664062,400,EAOM,,,
2025-03-18 04:00:00+00:00,27.670000076293945,27.670000076293945,27.670000076293945,27.670000076293945,27.49332046508789,100,EAOM,,,
2025-03-19 04:00:00+00:00,27.81999969482422,27.81999969482422,27.81999969482422,27.81999969482422,27.64236068725586,100,EAOM,,,
2025-03-20 04:00:00+00:00,27.79800033569336,27.79800033569336,27.79800033569336,27.79800033569336,27.620502471923828,100,EAOM,,,
2025-03-21 04:00:00+00:00,27.761999130249023,27.761999130249023,27.761999130249023,27.761999130249023,27.584732055664062,100,EAOM,,,
2025-03-24 04:00:00+00:00,27.780000686645508,27.81999969482422,27.780000686645508,27.81999969482422,27.64236068725586,300,EAOM,,,
2025-03-25 04:00:00+00:00,27.875,27.875,27.875,27.875,27.697010040283203,100,EAOM,,,
2025-03-26 04:00:00+00:00,27.75,27.75,27.715999603271484,27.715999603271484,27.539026260375977,200,EAOM,,,
2025-03-27 04:00:00+00:00,27.68600082397461,27.68600082397461,27.68600082397461,27.68600082397461,27.509218215942383,100,EAOM,,,
2025-03-28 04:00:00+00:00,27.599000930786133,27.599000930786133,27.599000930786133,27.599000930786133,27.42277336120605,100,EAOM,,,
2025-03-31 04:00:00+00:00,27.6299991607666,27.6299991607666,27.6299991607666,27.6299991607666,27.453575134277344,100,EAOM,,,
2025-04-01 04:00:00+00:00,27.71999931335449,27.71999931335449,27.71999931335449,27.71999931335449,27.542999267578125,200,EAOM,,,
2025-04-02 04:00:00+00:00,27.614999771118164,27.614999771118164,27.614999771118164,27.614999771118164,27.614999771118164,100,EAOM,,,
2025-04-03 04:00:00+00:00,27.21999931335449,27.21999931335449,27.21999931335449,27.21999931335449,27.21999931335449,10200,EAOM,,,
2025-04-04 04:00:00+00:00,26.739999771118164,26.739999771118164,26.64900016784668,26.64900016784668,26.64900016784668,400,EAOM,,,
2025-04-07 04:00:00+00:00,26.420000076293945,26.420000076293945,26.25,26.25,26.25,3000,EAOM,,,
2025-04-08 04:00:00+00:00,26.049999237060547,26.049999237060547,26.049999237060547,26.049999237060547,26.049999237060547,200,EAOM,,,
2025-04-09 04:00:00+00:00,26.82999992370605,26.97100067138672,26.82999992370605,26.97100067138672,26.97100067138672,5100,EAOM,,,
2025-04-10 04:00:00+00:00,26.540000915527344,26.540000915527344,26.540000915527344,26.540000915527344,26.540000915527344,100,EAOM,,,
2025-04-11 04:00:00+00:00,26.722999572753903,26.722999572753903,26.722999572753903,26.722999572753903,26.722999572753903,0,EAOM,,,
2025-04-14 04:00:00+00:00,26.90800094604492,26.90800094604492,26.90800094604492,26.90800094604492,26.90800094604492,100,EAOM,,,
2025-04-15 04:00:00+00:00,26.950000762939453,26.950000762939453,26.950000762939453,26.950000762939453,26.950000762939453,100,EAOM,,,
2025-04-16 04:00:00+00:00,26.82999992370605,26.82999992370605,26.82999992370605,26.82999992370605,26.82999992370605,0,EAOM,,,
2025-04-17 04:00:00+00:00,26.93000030517578,26.93000030517578,26.83699989318848,26.83699989318848,26.83699989318848,100,EAOM,,,
2025-04-21 04:00:00+00:00,26.68000030517578,26.68000030517578,26.540000915527344,26.569000244140625,26.569000244140625,6600,EAOM,,,
2025-04-22 04:00:00+00:00,26.83300018310547,26.83300018310547,26.83300018310547,26.83300018310547,26.83300018310547,100,EAOM,,,
2025-04-23 04:00:00+00:00,27.003999710083008,27.003999710083008,27.003999710083008,27.003999710083008,27.003999710083008,100,EAOM,,,
2025-04-24 04:00:00+00:00,27.280000686645508,27.280000686645508,27.280000686645508,27.280000686645508,27.280000686645508,100,EAOM,,,
2025-04-25 04:00:00+00:00,27.3700008392334,27.39200019836425,27.350000381469727,27.39200019836425,27.39200019836425,700,EAOM,,,
2025-04-28 04:00:00+00:00,27.41200065612793,27.472999572753903,27.41200065612793,27.472999572753903,27.472999572753903,400,EAOM,,,
2025-04-29 04:00:00+00:00,27.5629997253418,27.5629997253418,27.5629997253418,27.5629997253418,27.5629997253418,100,EAOM,,,
2025-04-30 04:00:00+00:00,27.58300018310547,27.58300018310547,27.58300018310547,27.58300018310547,27.58300018310547,100,EAOM,,,
2025-05-01 04:00:00+00:00,27.71999931335449,27.71999931335449,27.554000854492188,27.554000854492188,27.554000854492188,1200,EAOM,,,
2025-05-02 04:00:00+00:00,27.67399978637696,27.67399978637696,27.67399978637696,27.67399978637696,27.67399978637696,0,EAOM,,,
2025-05-05 04:00:00+00:00,27.6200008392334,27.6200008392334,27.6200008392334,27.6200008392334,27.6200008392334,100,EAOM,,,
2025-05-06 04:00:00+00:00,27.566999435424805,27.582000732421875,27.566999435424805,27.582000732421875,27.582000732421875,400,EAOM,,,
2025-05-07 04:00:00+00:00,27.621999740600582,27.621999740600582,27.621999740600582,27.621999740600582,27.621999740600582,0,EAOM,,,
2025-05-08 04:00:00+00:00,27.59000015258789,27.59000015258789,27.59000015258789,27.59000015258789,27.59000015258789,0,EAOM,,,
2025-05-09 04:00:00+00:00,27.61000061035156,27.61000061035156,27.61000061035156,27.61000061035156,27.61000061035156,0,EAOM,,,
2025-05-12 04:00:00+00:00,27.85300064086914,27.85300064086914,27.85300064086914,27.85300064086914,27.85300064086914,0,EAOM,,,
2025-05-13 04:00:00+00:00,27.905000686645508,27.916000366210938,27.905000686645508,27.916000366210938,27.916000366210938,100,EAOM,,,
2025-05-14 04:00:00+00:00,27.85700035095215,27.85700035095215,27.85700035095215,27.85700035095215,27.85700035095215,100,EAOM,,,
2025-05-15 04:00:00+00:00,28.00200080871582,28.00200080871582,28.00200080871582,28.00200080871582,28.00200080871582,100,EAOM,,,
2025-05-16 04:00:00+00:00,28.09000015258789,28.09000015258789,28.07900047302246,28.07900047302246,28.07900047302246,600,EAOM,,,
2025-05-19 04:00:00+00:00,28.01000022888184,28.117000579833984,27.989999771118164,28.117000579833984,28.117000579833984,2700,EAOM,,,
2025-05-20 04:00:00+00:00,28.07299995422364,28.07299995422364,28.07299995422364,28.07299995422364,28.07299995422364,0,EAOM,,,
2025-05-21 04:00:00+00:00,27.81399917602539,27.81399917602539,27.81399917602539,27.81399917602539,27.81399917602539,100,EAOM,,,
2025-05-22 04:00:00+00:00,27.780000686645508,27.84499931335449,27.770000457763672,27.84499931335449,27.84499931335449,5000,EAOM,,,
2025-05-23 04:00:00+00:00,27.82099914550781,27.82099914550781,27.82099914550781,27.82099914550781,27.82099914550781,100,EAOM,,,
2025-05-27 04:00:00+00:00,28.09000015258789,28.09000015258789,28.09000015258789,28.09000015258789,28.09000015258789,100,EAOM,,,
2025-05-28 04:00:00+00:00,27.97800064086914,27.97800064086914,27.97800064086914,27.97800064086914,27.97800064086914,0,EAOM,,,
2025-05-29 04:00:00+00:00,28.07999992370605,28.086000442504883,28.07999992370605,28.086000442504883,28.086000442504883,100,EAOM,,,
2025-05-30 04:00:00+00:00,28.104999542236328,28.104999542236328,28.104999542236328,28.104999542236328,28.104999542236328,0,EAOM,,,
2025-06-02 04:00:00+00:00,28.124000549316406,28.124000549316406,28.124000549316406,28.124000549316406,28.124000549316406,0,EAOM,,,
2025-06-03 04:00:00+00:00,28.167999267578125,28.167999267578125,28.167999267578125,28.167999267578125,28.167999267578125,0,EAOM,,,
2025-06-04 04:00:00+00:00,28.29599952697754,28.29599952697754,28.29599952697754,28.29599952697754,28.29599952697754,100,EAOM,,,
2025-06-05 04:00:00+00:00,28.22100067138672,28.22100067138672,28.22100067138672,28.22100067138672,28.22100067138672,0,EAOM,,,
2025-06-06 04:00:00+00:00,28.24099922180176,28.24099922180176,28.24099922180176,28.24099922180176,28.24099922180176,0,EAOM,,,
2025-06-09 04:00:00+00:00,28.270000457763672,28.309999465942383,28.270000457763672,28.280000686645508,28.280000686645508,2000,EAOM,,,
2025-06-10 04:00:00+00:00,28.35199928283692,28.35199928283692,28.35199928283692,28.35199928283692,28.35199928283692,0,EAOM,,,
2025-06-11 04:00:00+00:00,28.450000762939453,28.450000762939453,28.381999969482425,28.381999969482425,28.381999969482425,400,EAOM,,,
2025-06-12 04:00:00+00:00,28.4950008392334,28.4950008392334,28.4950008392334,28.4950008392334,28.4950008392334,100,EAOM,,,
2025-06-13 04:00:00+00:00,28.27499961853028,28.27499961853028,28.27499961853028,28.27499961853028,28.27499961853028,100,EAOM,,,
2025-06-16 04:00:00+00:00,28.39999961853028,28.39999961853028,28.358999252319336,28.358999252319336,28.358999252319336,500,EAOM,,,
2025-06-17 04:00:00+00:00,28.32999992370605,28.32999992370605,28.302000045776367,28.302000045776367,28.302000045776367,1400,EAOM,,,
2025-06-18 04:00:00+00:00,28.3129997253418,28.3129997253418,28.3129997253418,28.3129997253418,28.3129997253418,100,EAOM,,,
2025-06-20 04:00:00+00:00,28.309999465942383,28.309999465942383,28.290000915527344,28.290000915527344,28.290000915527344,300,EAOM,,,
2025-06-23 04:00:00+00:00,28.420000076293945,28.420000076293945,28.420000076293945,28.420000076293945,28.420000076293945,100,EAOM,,,
2025-06-24 04:00:00+00:00,28.64200019836425,28.64200019836425,28.64200019836425,28.64200019836425,28.64200019836425,100,EAOM,,,
2025-06-25 04:00:00+00:00,28.614999771118164,28.614999771118164,28.614999771118164,28.614999771118164,28.614999771118164,100,EAOM,,,
2025-06-26 04:00:00+00:00,28.63999938964844,28.768999099731445,28.63999938964844,28.768999099731445,28.768999099731445,700,EAOM,,,
2025-06-27 04:00:00+00:00,28.785999298095703,28.785999298095703,28.785999298095703,28.785999298095703,28.785999298095703,100,EAOM,,,
2025-06-30 04:00:00+00:00,28.90800094604492,28.90800094604492,28.90800094604492,28.90800094604492,28.68385505676269,100,EAOM,,,
2025-07-01 04:00:00+00:00,28.888999938964844,28.888999938964844,28.888999938964844,28.888999938964844,28.665000915527344,100,EAOM,,,
2025-07-02 04:00:00+00:00,28.69799995422364,28.69799995422364,28.69799995422364,28.69799995422364,28.69799995422364,100,EAOM,,,
2025-07-03 04:00:00+00:00,28.729999542236328,28.729999542236328,28.729999542236328,28.729999542236328,28.729999542236328,100,EAOM,,,
2025-07-07 04:00:00+00:00,28.562000274658203,28.562000274658203,28.562000274658203,28.562000274658203,28.562000274658203,100,EAOM,,,
2025-07-08 04:00:00+00:00,28.566999435424805,28.59000015258789,28.566999435424805,28.57699966430664,28.57699966430664,1600,EAOM,,,
2025-07-09 04:00:00+00:00,28.59000015258789,28.711000442504883,28.59000015258789,28.711000442504883,28.711000442504883,500,EAOM,,,
2025-07-10 04:00:00+00:00,28.756000518798828,28.76000022888184,28.73200035095215,28.73200035095215,28.73200035095215,700,EAOM,,,
2025-07-11 04:00:00+00:00,28.59600067138672,28.59600067138672,28.59600067138672,28.59600067138672,28.59600067138672,100,EAOM,,,
2025-07-14 04:00:00+00:00,28.614999771118164,28.614999771118164,28.614999771118164,28.614999771118164,28.614999771118164,100,EAOM,,,
2025-07-15 04:00:00+00:00,28.51099967956543,28.51099967956543,28.51099967956543,28.51099967956543,28.51099967956543,100,EAOM,,,
2025-07-16 04:00:00+00:00,28.575000762939453,28.575000762939453,28.575000762939453,28.575000762939453,28.575000762939453,100,EAOM,,,
2025-07-17 04:00:00+00:00,28.63999938964844,28.655000686645508,28.63999938964844,28.655000686645508,28.655000686645508,200,EAOM,,,
2025-07-18 04:00:00+00:00,28.666000366210938,28.666000366210938,28.666000366210938,28.666000366210938,28.666000366210938,100,EAOM,,,
2025-07-21 04:00:00+00:00,28.74399948120117,28.74399948120117,28.74399948120117,28.74399948120117,28.74399948120117,100,EAOM,,,
2025-07-22 04:00:00+00:00,28.815000534057617,28.815000534057617,28.815000534057617,28.815000534057617,28.815000534057617,100,EAOM,,,
2025-07-23 04:00:00+00:00,28.90900039672852,28.90900039672852,28.90900039672852,28.90900039672852,28.90900039672852,100,EAOM,,,
2025-07-24 04:00:00+00:00,28.89999961853028,28.89999961853028,28.86800003051757,28.86800003051757,28.86800003051757,100,EAOM,,,
2025-07-25 04:00:00+00:00,28.934999465942383,28.934999465942383,28.934999465942383,28.934999465942383,28.934999465942383,100,EAOM,,,
2025-07-28 04:00:00+00:00,28.86000061035156,28.86000061035156,28.86000061035156,28.86000061035156,28.86000061035156,100,EAOM,,,
2025-07-29 04:00:00+00:00,28.90999984741211,28.90999984741211,28.90999984741211,28.90999984741211,28.90999984741211,100,EAOM,,,
2025-07-30 04:00:00+00:00,28.83099937438965,28.83099937438965,28.83099937438965,28.83099937438965,28.83099937438965,100,EAOM,,,
2025-07-31 04:00:00+00:00,28.799999237060547,28.799999237060547,28.76799964904785,28.76799964904785,28.76799964904785,100,EAOM,,,
2025-08-01 04:00:00+00:00,28.75300025939941,28.75300025939941,28.75300025939941,28.75300025939941,28.75300025939941,100,EAOM,,,
2025-08-04 04:00:00+00:00,28.89999961853028,28.944000244140625,28.89999961853028,28.944000244140625,28.944000244140625,400,EAOM,,,
2025-08-05 04:00:00+00:00,28.91900062561035,28.91900062561035,28.91900062561035,28.91900062561035,28.91900062561035,100,EAOM,,,
2025-08-06 04:00:00+00:00,28.989999771118164,28.989999771118164,28.989999771118164,28.989999771118164,28.989999771118164,100,EAOM,,,
2025-08-07 04:00:00+00:00,29.00200080871582,29.00200080871582,29.00200080871582,29.00200080871582,29.00200080871582,100,EAOM,,,
2025-08-08 04:00:00+00:00,29.049999237060547,29.049999237060547,29.049999237060547,29.049999237060547,29.049999237060547,100,EAOM,,,
2025-08-11 04:00:00+00:00,29.059999465942383,29.059999465942383,29.01700019836425,29.01700019836425,29.01700019836425,1100,EAOM,,,
2025-08-12 04:00:00+00:00,29.165000915527344,29.165000915527344,29.165000915527344,29.165000915527344,29.165000915527344,100,EAOM,,,
2025-08-13 04:00:00+00:00,29.26000022888184,29.301000595092773,29.26000022888184,29.301000595092773,29.301000595092773,300,EAOM,,,
2025-08-14 04:00:00+00:00,29.229999542236328,29.229999542236328,29.229999542236328,29.229999542236328,29.229999542236328,100,EAOM,,,
2025-08-15 04:00:00+00:00,29.194000244140625,29.194000244140625,29.194000244140625,29.194000244140625,29.194000244140625,100,EAOM,,,
2025-08-18 04:00:00+00:00,29.18000030517578,29.184999465942383,29.174999237060547,29.184999465942383,29.184999465942383,700,EAOM,,,
2025-08-19 04:00:00+00:00,29.143999099731445,29.143999099731445,29.143999099731445,29.143999099731445,29.143999099731445,100,EAOM,,,
2025-08-20 04:00:00+00:00,29.14999961853028,29.152000427246094,29.14999961853028,29.152000427246094,28.701196670532227,3500,EAOM,,,
2025-08-21 04:00:00+00:00,29.07999992370605,29.07999992370605,29.049999237060547,29.059999465942383,28.61061668395996,500,EAOM,,,
2025-08-22 04:00:00+00:00,29.356000900268555,29.356000900268555,29.356000900268555,29.356000900268555,28.902042388916016,100,EAOM,,,
2025-08-25 04:00:00+00:00,29.257999420166016,29.257999420166016,29.257999420166016,29.257999420166016,28.80555725097656,100,EAOM,,,
2025-08-26 04:00:00+00:00,29.30500030517578,29.30500030517578,29.30500030517578,29.30500030517578,28.8518295288086,100,EAOM,,,
2025-08-27 04:00:00+00:00,29.334999084472656,29.334999084472656,29.334999084472656,29.334999084472656,28.88136482238769,100,EAOM,,,
2025-08-28 04:00:00+00:00,29.402000427246094,29.402000427246094,29.402000427246094,29.402000427246094,28.94733047485352,100,EAOM,,,
2025-08-29 04:00:00+00:00,29.31100082397461,29.31100082397461,29.308000564575195,29.308000564575195,28.85478401184082,100,EAOM,,,
2025-09-02 04:00:00+00:00,29.100000381469727,29.16699981689453,29.100000381469727,29.16699981689453,28.71596336364746,100,EAOM,,,
2025-09-03 04:00:00+00:00,29.239999771118164,29.266000747680664,29.239999771118164,29.266000747680664,28.813432693481445,800,EAOM,,,
2025-09-04 04:00:00+00:00,29.42200088500977,29.42200088500977,29.42200088500977,29.42200088500977,28.967021942138672,100,EAOM,,,
2025-09-05 04:00:00+00:00,29.540000915527344,29.540000915527344,29.513999938964844,29.513999938964844,29.05759620666504,100,EAOM,,,
2025-09-08 04:00:00+00:00,29.63800048828125,29.63800048828125,29.63800048828125,29.63800048828125,29.17967987060547,100,EAOM,,,
2025-09-09 04:00:00+00:00,29.6299991607666,29.670000076293945,29.600000381469727,29.62299919128418,29.1649112701416,5900,EAOM,,,
2025-09-10 04:00:00+00:00,29.700000762939453,29.700000762939453,29.700000762939453,29.700000762939453,29.24072265625,100,EAOM,,,
2025-09-11 04:00:00+00:00,29.85099983215332,29.85099983215332,29.85099983215332,29.85099983215332,29.389387130737305,100,EAOM,,,
2025-09-12 04:00:00+00:00,29.80699920654297,29.80699920654297,29.80699920654297,29.80699920654297,29.346067428588867,100,EAOM,,,
2025-09-15 04:00:00+00:00,29.902999877929688,29.902999877929688,29.902999877929688,29.902999877929688,29.440582275390625,100,EAOM,,,
2025-09-16 04:00:00+00:00,29.86000061035156,29.902999877929688,29.86000061035156,29.902999877929688,29.440582275390625,600,EAOM,,,
2025-09-17 04:00:00+00:00,29.85300064086914,29.85300064086914,29.85300064086914,29.85300064086914,29.391355514526367,100,EAOM,,,
2025-09-18 04:00:00+00:00,29.89999961853028,29.89999961853028,29.881000518798828,29.881000518798828,29.418922424316406,700,EAOM,,,
2025-09-19 04:00:00+00:00,29.9060001373291,29.9060001373291,29.9060001373291,29.9060001373291,29.44353675842285,100,EAOM,,,
2025-09-22 04:00:00+00:00,29.940000534057617,29.940000534057617,29.940000534057617,29.940000534057617,29.47701072692871,200,EAOM,,,
2025-09-23 04:00:00+00:00,29.90900039672852,29.90900039672852,29.90900039672852,29.90900039672852,29.446489334106445,100,EAOM,,,
2025-09-24 04:00:00+00:00,29.850000381469727,29.86000061035156,29.827999114990234,29.827999114990234,29.36674118041992,1500,EAOM,,,
2025-09-25 04:00:00+00:00,29.709999084472656,29.73600006103516,29.709999084472656,29.73600006103516,29.27616500854492,200,EAOM,,,
2025-09-26 04:00:00+00:00,29.808000564575195,29.808000564575195,29.808000564575195,29.808000564575195,29.3470516204834,100,EAOM,,,
2025-09-29 04:00:00+00:00,29.8700008392334,29.8799991607666,29.8700008392334,29.8799991607666,29.417938232421875,5500,EAOM,,,
2025-09-30 04:00:00+00:00,29.94499969482422,29.94499969482422,29.94499969482422,29.94499969482422,29.48193359375,100,EAOM,,,
2025-10-01 04:00:00+00:00,30.04899978637696,30.04899978637696,30.04899978637696,30.04899978637696,29.58432388305664,100,EAOM,,,
2025-10-02 04:00:00+00:00,29.91399955749512,29.91399955749512,29.91399955749512,29.91399955749512,29.632862091064453,100,EAOM,,,
2025-10-03 04:00:00+00:00,29.934999465942383,29.934999465942383,29.934999465942383,29.934999465942383,29.65366554260254,100,EAOM,,,
2025-10-06 04:00:00+00:00,29.934999465942383,29.934999465942383,29.934999465942383,29.934999465942383,29.65366554260254,100,EAOM,,,
2025-10-07 04:00:00+00:00,29.950000762939453,29.950000762939453,29.8700008392334,29.8700008392334,29.58927726745605,700,EAOM,,,
2025-10-08 04:00:00+00:00,29.940000534057617,29.940000534057617,29.940000534057617,29.940000534057617,29.65861892700196,100,EAOM,,,
2025-10-09 04:00:00+00:00,29.88999938964844,29.88999938964844,29.86000061035156,29.86000061035156,29.57937240600586,1200,EAOM,,,
2025-10-10 04:00:00+00:00,29.799999237060547,29.799999237060547,29.597000122070312,29.597000122070312,29.3188419342041,200,EAOM,,,
2025-10-13 04:00:00+00:00,29.799999237060547,29.799999237060547,29.799999237060547,29.799999237060547,29.519933700561523,300,EAOM,,,
2025-10-14 04:00:00+00:00,29.8799991607666,29.8799991607666,29.83699989318848,29.83699989318848,29.55658721923828,100,EAOM,,,
2025-10-15 04:00:00+00:00,29.893999099731445,29.893999099731445,29.893999099731445,29.893999099731445,29.61305046081543,100,EAOM,,,
2025-10-16 04:00:00+00:00,29.91699981689453,29.91699981689453,29.91699981689453,29.91699981689453,29.635835647583008,100,EAOM,,,
2025-10-17 04:00:00+00:00,29.951000213623047,29.951000213623047,29.951000213623047,29.951000213623047,29.66951560974121,100,EAOM,,,
2025-10-20 04:00:00+00:00,30.100000381469727,30.100000381469727,30.100000381469727,30.100000381469727,29.817115783691406,100,EAOM,,,
2025-10-21 04:00:00+00:00,30.14999961853028,30.14999961853028,30.14999961853028,30.14999961853028,29.86664581298828,9000,EAOM,,,
2025-10-22 04:00:00+00:00,30.020000457763672,30.020000457763672,30.020000457763672,30.020000457763672,29.73786735534668,100,EAOM,,,
2025-10-23 04:00:00+00:00,30.100000381469727,30.100000381469727,30.100000381469727,30.100000381469727,29.817115783691406,200,EAOM,,,
2025-10-24 04:00:00+00:00,30.225000381469727,30.225000381469727,30.225000381469727,30.225000381469727,29.9409408569336,100,EAOM,,,
2025-10-27 04:00:00+00:00,30.367000579833984,30.367000579833984,30.34000015258789,30.34000015258789,30.05485916137696,300,EAOM,,,
2025-10-28 04:00:00+00:00,30.38800048828125,30.38800048828125,30.38800048828125,30.38800048828125,30.10240936279297,100,EAOM,,,
2025-10-29 04:00:00+00:00,30.39299964904785,30.39299964904785,30.277999877929688,30.277999877929688,29.99344253540039,100,EAOM,,,
2025-10-30 04:00:00+00:00,30.145000457763672,30.145000457763672,30.145000457763672,30.145000457763672,29.861692428588867,100,EAOM,,,
2025-10-31 04:00:00+00:00,30.17399978637696,30.17399978637696,30.17399978637696,30.17399978637696,29.890419006347656,100,EAOM,,,
2025-11-03 05:00:00+00:00,30.170000076293945,30.170000076293945,30.15999984741211,30.15999984741211,29.87655067443848,400,EAOM,,,
2025-11-04 05:00:00+00:00,30.07999992370605,30.11000061035156,30.0,30.0,29.718055725097656,4200,EAOM,,,
2025-11-05 05:00:00+00:00,30.06999969482422,30.06999969482422,30.04199981689453,30.04199981689453,29.759660720825195,200,EAOM,,,
2025-11-06 05:00:00+00:00,30.0,30.0,29.99300003051757,29.99300003051757,29.71112060546875,300,EAOM,,,
2025-11-07 05:00:00+00:00,29.90999984741211,30.0,29.90999984741211,30.0,29.718055725097656,200,EAOM,,,
2025-11-10 05:00:00+00:00,30.174999237060547,30.174999237060547,30.174999237060547,30.174999237060547,29.89140892028809,100,EAOM,,,
2025-11-11 05:00:00+00:00,30.26000022888184,30.26000022888184,30.26000022888184,30.26000022888184,29.97561264038086,100,EAOM,,,
2025-11-12 05:00:00+00:00,30.290000915527344,30.290000915527344,30.26700019836425,30.26700019836425,29.982545852661133,200,EAOM,,,
2025-11-13 05:00:00+00:00,30.020000457763672,30.020000457763672,30.020000457763672,30.020000457763672,29.73786735534668,100,EAOM,,,
2025-11-14 05:00:00+00:00,29.98699951171875,29.98699951171875,29.98699951171875,29.98699951171875,29.705177307128903,100,EAOM,,,
2025-11-17 05:00:00+00:00,29.989999771118164,29.989999771118164,29.856000900268555,29.856000900268555,29.575408935546875,1500,EAOM,,,
2025-11-18 05:00:00+00:00,29.739999771118164,29.86000061035156,29.739999771118164,29.799999237060547,29.519933700561523,33100,EAOM,,,
2025-11-19 05:00:00+00:00,29.799999237060547,29.799999237060547,29.78899955749512,29.78899955749512,29.509037017822266,200,EAOM,,,
2025-11-20 05:00:00+00:00,29.81999969482422,29.81999969482422,29.631999969482425,29.631999969482425,29.353513717651367,400,EAOM,,,
2025-11-21 05:00:00+00:00,29.799999237060547,29.799999237060547,29.791000366210938,29.791000366210938,29.51102066040039,1100,EAOM,,,
2025-11-24 05:00:00+00:00,29.850000381469727,29.97599983215332,29.850000381469727,29.97599983215332,29.69428062438965,1000,EAOM,,,
2025-11-25 05:00:00+00:00,30.128999710083008,30.128999710083008,30.128999710083008,30.128999710083008,29.845842361450195,100,EAOM,,,
2025-11-26 05:00:00+00:00,30.280000686645508,30.280000686645508,30.24799919128418,30.24799919128418,29.96372413635254,900,EAOM,,,
2025-11-28 05:00:00+00:00,30.268999099731445,30.268999099731445,30.268999099731445,30.268999099731445,29.984525680541992,100,EAOM,,,
2025-12-01 05:00:00+00:00,30.13599967956543,30.13599967956543,30.13599967956543,30.13599967956543,29.8527774810791,100,EAOM,,,
2025-12-02 05:00:00+00:00,30.21999931335449,30.21999931335449,30.1879997253418,30.1879997253418,29.90428733825684,100,EAOM,,,
2025-12-03 05:00:00+00:00,30.21299934387207,30.27400016784668,30.21299934387207,30.26700019836425,29.982545852661133,800,EAOM,,,
2025-12-04 05:00:00+00:00,30.253999710083008,30.253999710083008,30.24099922180176,30.24099922180176,29.95678901672364,500,EAOM,,,
2025-12-05 05:00:00+00:00,30.24399948120117,30.24399948120117,30.24399948120117,30.24399948120117,29.959760665893555,100,EAOM,,,
2025-12-08 05:00:00+00:00,30.200000762939453,30.200000762939453,30.170000076293945,30.176000595092773,29.89240074157715,800,EAOM,,,
2025-12-09 05:00:00+00:00,30.14999961853028,30.190000534057617,30.14999961853028,30.160999298095703,29.877540588378903,1300,EAOM,,,
2025-12-10 05:00:00+00:00,30.316999435424805,30.316999435424805,30.316999435424805,30.316999435424805,30.032075881958008,200,EAOM,,,
2025-12-11 05:00:00+00:00,30.34600067138672,30.36000061035156,30.34600067138672,30.347999572753903,30.06278419494629,800,EAOM,,,
2025-12-12 05:00:00+00:00,30.202999114990234,30.202999114990234,30.18000030517578,30.18000030517578,29.896364212036133,1700,EAOM,,,
2025-12-15 05:00:00+00:00,30.270000457763672,30.270000457763672,30.18600082397461,30.18600082397461,29.902307510375977,200,EAOM,,,
2025-12-16 05:00:00+00:00,30.190000534057617,30.190000534057617,30.190000534057617,30.190000534057617,29.906269073486328,100,EAOM,,,
2025-12-17 05:00:00+00:00,30.09000015258789,30.09000015258789,30.052000045776367,30.052000045776367,29.76956558227539,1000,EAOM,,,
2025-12-18 05:00:00+00:00,30.25,30.25,30.19099998474121,30.19099998474121,29.90726089477539,100,EAOM,,,
2025-12-19 05:00:00+00:00,30.26000022888184,30.26000022888184,30.25900077819824,30.25900077819824,29.97462272644043,8700,EAOM,,,
2025-12-22 05:00:00+00:00,30.32699966430664,30.32699966430664,30.325000762939453,30.325000762939453,30.040000915527344,600,EAOM,,,
2025-12-23 05:00:00+00:00,30.08799934387207,30.08799934387207,30.08799934387207,30.08799934387207,30.08799934387207,100,EAOM,,,
2025-12-24 05:00:00+00:00,30.15999984741211,30.163000106811523,30.15999984741211,30.163000106811523,30.163000106811523,400,EAOM,,,
2025-12-26 05:00:00+00:00,30.18199920654297,30.18199920654297,30.18199920654297,30.18199920654297,30.18199920654297,100,EAOM,,,
2025-12-29 05:00:00+00:00,30.13999938964844,30.152999877929688,30.13999938964844,30.152999877929688,30.152999877929688,700,EAOM,,,
2025-12-30 05:00:00+00:00,30.14800071716309,30.14800071716309,30.14800071716309,30.14800071716309,30.14800071716309,300,EAOM,,,
2025-12-31 05:00:00+00:00,30.027999877929688,30.027999877929688,30.027999877929688,30.027999877929688,30.027999877929688,100,EAOM,,,
2026-01-02 05:00:00+00:00,30.06399917602539,30.084999084472656,30.06399917602539,30.084999084472656,30.084999084472656,300,EAOM,,,
2026-01-05 05:00:00+00:00,30.26000022888184,30.26000022888184,30.26000022888184,30.26000022888184,30.26000022888184,200,EAOM,,,
2026-01-06 05:00:00+00:00,30.27400016784668,30.315000534057617,30.27400016784668,30.315000534057617,30.315000534057617,600,EAOM,,,
2026-01-07 05:00:00+00:00,30.28300094604492,30.28300094604492,30.28300094604492,30.28300094604492,30.28300094604492,200,EAOM,,,
2026-01-08 05:00:00+00:00,30.24399948120117,30.24399948120117,30.24399948120117,30.24399948120117,30.24399948120117,100,EAOM,,,
2026-01-09 05:00:00+00:00,30.37299919128418,30.37299919128418,30.37299919128418,30.37299919128418,30.37299919128418,200,EAOM,,,
2026-01-12 05:00:00+00:00,30.38800048828125,30.400999069213867,30.38800048828125,30.400999069213867,30.400999069213867,300,EAOM,,,
2026-01-13 05:00:00+00:00,30.38999938964844,30.38999938964844,30.36899948120117,30.36899948120117,30.36899948120117,300,EAOM,,,
2026-01-14 05:00:00+00:00,30.350000381469727,30.3799991607666,30.350000381469727,30.3799991607666,30.3799991607666,2100,EAOM,,,
2026-01-15 05:00:00+00:00,30.44499969482422,30.44499969482422,30.395000457763672,30.395000457763672,30.395000457763672,100,EAOM,,,
2026-01-16 05:00:00+00:00,30.357999801635746,30.38999938964844,30.357999801635746,30.363000869750977,30.363000869750977,1600,EAOM,,,
2026-01-20 05:00:00+00:00,30.06599998474121,30.06599998474121,30.06599998474121,30.06599998474121,30.06599998474121,100,EAOM,,,
2026-01-21 05:00:00+00:00,30.292999267578125,30.292999267578125,30.266000747680664,30.266000747680664,30.266000747680664,200,EAOM,,,
2026-01-22 05:00:00+00:00,30.32999992370605,30.35099983215332,30.315000534057617,30.35099983215332,30.35099983215332,900,EAOM,,,
2026-01-23 05:00:00+00:00,30.37700080871582,30.37700080871582,30.37700080871582,30.37700080871582,30.37700080871582,100,EAOM,,,
2026-01-26 05:00:00+00:00,30.46999931335449,30.56999969482422,30.465999603271484,30.465999603271484,30.465999603271484,5400,EAOM,,,
2026-01-27 05:00:00+00:00,30.549999237060547,30.549999237060547,30.549999237060547,30.549999237060547,30.549999237060547,100,EAOM,,,
2026-01-28 05:00:00+00:00,30.51000022888184,30.51000022888184,30.51000022888184,30.51000022888184,30.51000022888184,100,EAOM,,,
2026-01-29 05:00:00+00:00,30.479999542236328,30.506999969482425,30.479999542236328,30.506999969482425,30.506999969482425,100,EAOM,,,
2026-01-30 05:00:00+00:00,30.413000106811523,30.413000106811523,30.413000106811523,30.413000106811523,30.413000106811523,100,EAOM,,,
2026-02-02 05:00:00+00:00,30.4379997253418,30.520000457763672,30.420000076293945,30.459999084472656,30.459999084472656,6300,EAOM,,,
2026-02-03 05:00:00+00:00,30.43000030517578,30.43000030517578,30.350000381469727,30.38999938964844,30.38999938964844,1000,EAOM,,,
2026-02-04 05:00:00+00:00,30.5,30.5,30.31599998474121,30.31599998474121,30.31599998474121,3500,EAOM,,,
2026-02-05 05:00:00+00:00,30.36000061035156,30.36000061035156,30.25,30.270000457763672,30.270000457763672,1400,EAOM,,,
2026-02-06 05:00:00+00:00,30.38999938964844,30.53899955749512,30.3700008392334,30.53899955749512,30.53899955749512,3600,EAOM,,,
2026-02-09 05:00:00+00:00,30.61000061035156,30.64999961853028,30.61000061035156,30.6299991607666,30.6299991607666,1800,EAOM,,,
2026-02-10 05:00:00+00:00,30.71999931335449,30.71999931335449,30.66399955749512,30.66399955749512,30.66399955749512,2100,EAOM,,,
2026-02-11 05:00:00+00:00,30.799999237060547,30.799999237060547,30.670000076293945,30.670000076293945,30.670000076293945,800,EAOM,,,
2026-02-12 05:00:00+00:00,30.6200008392334,30.6200008392334,30.569000244140625,30.569000244140625,30.569000244140625,500,EAOM,,,
2026-02-13 05:00:00+00:00,30.690000534057617,30.700000762939453,30.643999099731445,30.643999099731445,30.643999099731445,300,EAOM,,,
2026-02-17 05:00:00+00:00,30.76000022888184,30.76000022888184,30.625,30.64999961853028,30.64999961853028,600,EAOM,,,
2026-02-18 05:00:00+00:00,30.68199920654297,30.76000022888184,30.68199920654297,30.69700050354004,30.69700050354004,1500,EAOM,,,
2026-02-19 05:00:00+00:00,30.63599967956543,30.660999298095703,30.63599967956543,30.660999298095703,30.660999298095703,600,EAOM,,,
2026-02-20 05:00:00+00:00,30.676000595092773,30.77300071716309,30.676000595092773,30.77300071716309,30.77300071716309,500,EAOM,,,
2026-02-23 05:00:00+00:00,30.670000076293945,30.670000076293945,30.663000106811523,30.663000106811523,30.663000106811523,400,EAOM,,,
2026-02-24 05:00:00+00:00,30.59000015258789,30.770999908447266,30.59000015258789,30.770999908447266,30.770999908447266,900,EAOM,,,
2026-02-25 05:00:00+00:00,30.86899948120117,30.86899948120117,30.86899948120117,30.86899948120117,30.86899948120117,100,EAOM,,,
2026-02-26 05:00:00+00:00,30.847000122070312,30.847000122070312,30.847000122070312,30.847000122070312,30.847000122070312,300,EAOM,,,
2026-02-27 05:00:00+00:00,30.82900047302246,30.82900047302246,30.82900047302246,30.82900047302246,30.82900047302246,100,EAOM,,,
2026-03-02 05:00:00+00:00,30.69499969482422,30.69499969482422,30.69499969482422,30.69499969482422,30.69499969482422,100,EAOM,,,
2026-03-03 05:00:00+00:00,30.43000030517578,30.43000030517578,30.43000030517578,30.43000030517578,30.43000030517578,200,EAOM,,,
2026-03-04 05:00:00+00:00,30.520000457763672,30.56999969482422,30.520000457763672,30.54599952697754,30.54599952697754,900,EAOM,,,
2026-03-05 05:00:00+00:00,30.33799934387207,30.33799934387207,30.33799934387207,30.33799934387207,30.33799934387207,100,EAOM,,,
2026-03-06 05:00:00+00:00,30.17399978637696,30.17399978637696,30.17399978637696,30.17399978637696,30.17399978637696,100,EAOM,,,
2026-03-09 04:00:00+00:00,30.332000732421875,30.332000732421875,30.332000732421875,30.332000732421875,30.332000732421875,100,EAOM,,,
2026-03-10 04:00:00+00:00,30.27199935913086,30.27199935913086,30.27199935913086,30.27199935913086,30.088422775268555,100,EAOM,0.0,0.0,0.0
2026-03-11 04:00:00+00:00,30.15999984741211,30.179000854492188,30.15999984741211,30.179000854492188,29.995988845825195,200,EAOM,0.0,0.0,0.0
2026-03-12 04:00:00+00:00,29.89900016784668,29.89900016784668,29.89900016784668,29.89900016784668,29.71768569946289,100,EAOM,0.0,0.0,0.0
2026-03-13 04:00:00+00:00,29.8799991607666,29.8799991607666,29.785999298095703,29.785999298095703,29.605369567871094,600,EAOM,0.0,0.0,0.0
2026-03-16 04:00:00+00:00,30.06999969482422,30.06999969482422,30.01799964904785,30.01799964904785,29.83596420288086,300,EAOM,0.0,0.0,0.0
2026-03-17 04:00:00+00:00,30.100000381469727,30.1299991607666,29.871000289916992,30.104999542236328,29.922435760498047,20700,EAOM,0.0,0.0,0.0
2026-03-18 04:00:00+00:00,29.86100006103516,29.86100006103516,29.86100006103516,29.86100006103516,29.679916381835938,100,EAOM,0.0,0.0,0.0
2026-03-19 04:00:00+00:00,29.739999771118164,29.86000061035156,29.739999771118164,29.86000061035156,29.67892265319824,700,EAOM,0.0,0.0,0.0
2026-03-20 04:00:00+00:00,29.5,29.5,29.46699905395508,29.46699905395508,29.28830337524414,200,EAOM,0.0,0.0,0.0
2026-03-23 04:00:00+00:00,29.777999877929688,29.780000686645508,29.733999252319336,29.733999252319336,29.553686141967773,500,EAOM,0.0,0.0,0.0
2026-03-24 04:00:00+00:00,29.614999771118164,29.614999771118164,29.614999771118164,29.614999771118164,29.435407638549805,100,EAOM,0.0,0.0,0.0
2026-03-25 04:00:00+00:00,29.780000686645508,29.780000686645508,29.780000686645508,29.780000686645508,29.59940719604492,100,EAOM,0.0,0.0,0.0
2026-03-26 04:00:00+00:00,29.44700050354004,29.44700050354004,29.44700050354004,29.44700050354004,29.2684268951416,100,EAOM,0.0,0.0,0.0
2026-03-27 04:00:00+00:00,29.25,29.280000686645508,29.25,29.27199935913086,29.094486236572266,700,EAOM,0.0,0.0,0.0
2026-03-30 04:00:00+00:00,29.489999771118164,29.489999771118164,29.32900047302246,29.32900047302246,29.151142120361328,600,EAOM,0.0,0.0,0.0
2026-03-31 04:00:00+00:00,29.73500061035156,29.73500061035156,29.73500061035156,29.73500061035156,29.55467987060547,100,EAOM,0.0,0.0,0.0
2026-04-01 04:00:00+00:00,29.93000030517578,29.93000030517578,29.847000122070312,29.847000122070312,29.666000366210938,400,EAOM,0.0,0.0,0.0
2026-04-02 04:00:00+00:00,29.6879997253418,29.6879997253418,29.6879997253418,29.6879997253418,29.6879997253418,100,EAOM,0.181,0.0,0.0
2026-04-06 04:00:00+00:00,29.700000762939453,29.731000900268555,29.700000762939453,29.731000900268555,29.731000900268555,1100,EAOM,0.0,0.0,0.0
2026-04-07 04:00:00+00:00,29.56999969482422,29.74799919128418,29.549999237060547,29.74799919128418,29.74799919128418,800,EAOM,0.0,0.0,0.0
2026-04-08 04:00:00+00:00,30.170000076293945,30.170000076293945,30.16699981689453,30.16699981689453,30.16699981689453,700,EAOM,0.0,0.0,0.0
2026-04-09 04:00:00+00:00,30.14999961853028,30.350000381469727,30.14999961853028,30.202999114990234,30.202999114990234,8100,EAOM,0.0,0.0,0.0
2026-04-10 04:00:00+00:00,30.176000595092773,30.176000595092773,30.176000595092773,30.176000595092773,30.176000595092773,100,EAOM,0.0,0.0,0.0
2026-04-13 04:00:00+00:00,30.190000534057617,30.333999633789062,30.190000534057617,30.333999633789062,30.333999633789062,300,EAOM,0.0,0.0,0.0
2026-04-14 04:00:00+00:00,30.520000457763672,30.530000686645508,30.51000022888184,30.51499938964844,30.51499938964844,2000,EAOM,0.0,0.0,0.0
2026-04-15 04:00:00+00:00,30.559999465942383,30.559999465942383,30.559999465942383,30.559999465942383,30.559999465942383,100,EAOM,0.0,0.0,0.0
2026-04-16 00:00:00+00:00,30.549999237060547,30.56999969482422,30.530000686645508,30.552000045776367,30.552000045776367,1600,EAOM,0.0,0.0,0.0
2026-04-17 00:00:00+00:00,30.799999237060547,30.799999237060547,30.79700088500977,30.79700088500977,30.79700088500977,300,EAOM,0.0,0.0,0.0
2026-04-20 00:00:00+00:00,30.756000518798828,30.756000518798828,30.756000518798828,30.756000518798828,30.756000518798828,100,EAOM,0.0,0.0,0.0
2026-04-21 00:00:00+00:00,30.56999969482422,30.56999969482422,30.56999969482422,30.56999969482422,30.56999969482422,100,EAOM,0.0,0.0,0.0
2026-04-22 00:00:00+00:00,30.694000244140625,30.694000244140625,30.694000244140625,30.694000244140625,30.694000244140625,100,EAOM,0.0,0.0,0.0
2026-04-23 00:00:00+00:00,30.584999084472656,30.584999084472656,30.584999084472656,30.584999084472656,30.584999084472656,100,EAOM,0.0,0.0,0.0
2026-04-24 00:00:00+00:00,30.739999771118164,30.739999771118164,30.649999618530273,30.72599983215332,30.72599983215332,400,EAOM,0.0,0.0,0.0
