date,Open,High,Low,Close,Adj Close,Volume,symbol,Dividends,Stock Splits
2024-12-30 05:00:00+00:00,2.4100000858306885,2.450000047683716,2.380000114440918,2.400000095367432,2.400000095367432,2601700,LU,,
2024-12-31 05:00:00+00:00,2.4200000762939453,2.430000066757202,2.369999885559082,2.390000104904175,2.390000104904175,1461300,LU,,
2025-01-02 05:00:00+00:00,2.380000114440918,2.440000057220459,2.319999933242798,2.390000104904175,2.390000104904175,2620700,LU,,
2025-01-03 05:00:00+00:00,2.400000095367432,2.4100000858306885,2.359999895095825,2.380000114440918,2.380000114440918,1202600,LU,,
2025-01-06 05:00:00+00:00,2.430000066757202,2.490000009536743,2.3499999046325684,2.359999895095825,2.359999895095825,3212000,LU,,
2025-01-07 05:00:00+00:00,2.380000114440918,2.4800000190734863,2.380000114440918,2.450000047683716,2.450000047683716,2632900,LU,,
2025-01-08 05:00:00+00:00,2.4200000762939453,2.5199999809265137,2.400000095367432,2.4100000858306885,2.4100000858306885,2062300,LU,,
2025-01-10 05:00:00+00:00,2.390000104904175,2.509999990463257,2.369999885559082,2.369999885559082,2.369999885559082,2654400,LU,,
2025-01-13 05:00:00+00:00,2.390000104904175,2.390000104904175,2.299999952316284,2.309999942779541,2.309999942779541,1263700,LU,,
2025-01-14 05:00:00+00:00,2.380000114440918,2.400000095367432,2.309999942779541,2.3299999237060547,2.3299999237060547,1940800,LU,,
2025-01-15 05:00:00+00:00,2.380000114440918,2.515000104904175,2.369999885559082,2.430000066757202,2.430000066757202,2543600,LU,,
2025-01-16 05:00:00+00:00,2.440000057220459,2.559999942779541,2.440000057220459,2.5199999809265137,2.5199999809265137,2797400,LU,,
2025-01-17 05:00:00+00:00,2.5299999713897705,2.619999885559082,2.5,2.5199999809265137,2.5199999809265137,4092000,LU,,
2025-01-21 05:00:00+00:00,2.5799999237060547,2.7249999046325684,2.549999952316284,2.720000028610229,2.720000028610229,4607200,LU,,
2025-01-22 05:00:00+00:00,2.6700000762939453,2.8350000381469727,2.6600000858306885,2.7799999713897705,2.7799999713897705,3979400,LU,,
2025-01-23 05:00:00+00:00,2.75,2.869999885559082,2.75,2.789999961853028,2.789999961853028,2601100,LU,,
2025-01-24 05:00:00+00:00,2.8499999046325684,2.9200000762939453,2.75,2.890000104904175,2.890000104904175,3524700,LU,,
2025-01-27 05:00:00+00:00,2.549999952316284,2.7049999237060547,2.4600000381469727,2.490000009536743,2.490000009536743,4673700,LU,,
2025-01-28 05:00:00+00:00,2.4200000762939453,2.4200000762939453,2.25,2.319999933242798,2.319999933242798,7276400,LU,,
2025-01-29 05:00:00+00:00,2.3299999237060547,2.365000009536743,2.259999990463257,2.259999990463257,2.259999990463257,2348700,LU,,
2025-01-30 05:00:00+00:00,2.299999952316284,2.450000047683716,2.299999952316284,2.380000114440918,2.380000114440918,2758200,LU,,
2025-01-31 05:00:00+00:00,2.400000095367432,2.430000066757202,2.299999952316284,2.309999942779541,2.309999942779541,2192300,LU,,
2025-02-03 05:00:00+00:00,2.299999952316284,2.4200000762939453,2.259999990463257,2.369999885559082,2.369999885559082,2449300,LU,,
2025-02-04 05:00:00+00:00,2.4100000858306885,2.490000009536743,2.4049999713897705,2.430000066757202,2.430000066757202,3264900,LU,,
2025-02-05 05:00:00+00:00,2.400000095367432,2.4049999713897705,2.319999933242798,2.3299999237060547,2.3299999237060547,3203500,LU,,
2025-02-06 05:00:00+00:00,2.359999895095825,2.450000047683716,2.359999895095825,2.380000114440918,2.380000114440918,5936800,LU,,
2025-02-07 05:00:00+00:00,2.440000057220459,2.525000095367432,2.430000066757202,2.470000028610229,2.470000028610229,4888000,LU,,
2025-02-10 05:00:00+00:00,2.5199999809265137,2.650000095367432,2.470000028610229,2.619999885559082,2.619999885559082,3418600,LU,,
2025-02-11 05:00:00+00:00,2.5799999237060547,2.595000028610229,2.5,2.5299999713897705,2.5299999713897705,4002600,LU,,
2025-02-12 05:00:00+00:00,2.619999885559082,2.6700000762939453,2.559999942779541,2.630000114440918,2.630000114440918,5730100,LU,,
2025-02-13 05:00:00+00:00,2.5999999046325684,2.7799999713897705,2.5799999237060547,2.740000009536743,2.740000009536743,3337700,LU,,
2025-02-14 05:00:00+00:00,2.900000095367432,2.9600000381469727,2.859999895095825,2.880000114440918,2.880000114440918,5665300,LU,,
2025-02-18 05:00:00+00:00,2.880000114440918,2.950000047683716,2.7799999713897705,2.9200000762939453,2.9200000762939453,3054500,LU,,
2025-02-19 05:00:00+00:00,2.930000066757202,2.9649999141693115,2.825000047683716,2.8499999046325684,2.8499999046325684,3459200,LU,,
2025-02-20 05:00:00+00:00,2.930000066757202,2.990000009536743,2.9100000858306885,2.940000057220459,2.940000057220459,3720900,LU,,
2025-02-21 05:00:00+00:00,3.0,3.200000047683716,2.970999956130981,3.0999999046325684,3.0999999046325684,5632000,LU,,
2025-02-24 05:00:00+00:00,3.039999961853028,3.075000047683716,2.9200000762939453,3.0,3.0,2822800,LU,,
2025-02-25 05:00:00+00:00,2.9800000190734863,3.0799999237060547,2.950000047683716,3.0199999809265137,3.0199999809265137,3255000,LU,,
2025-02-26 05:00:00+00:00,3.1600000858306885,3.2100000381469727,3.119999885559082,3.1600000858306885,3.1600000858306885,2621100,LU,,
2025-02-27 05:00:00+00:00,3.1600000858306885,3.180000066757202,3.0999999046325684,3.140000104904175,3.140000104904175,2644900,LU,,
2025-02-28 05:00:00+00:00,3.0299999713897705,3.049999952316284,2.859999895095825,2.900000095367432,2.900000095367432,2961300,LU,,
2025-03-03 05:00:00+00:00,2.930000066757202,3.009999990463257,2.859999895095825,2.880000114440918,2.880000114440918,4495800,LU,,
2025-03-04 05:00:00+00:00,2.8499999046325684,3.0,2.815000057220459,2.970000028610229,2.970000028610229,3827000,LU,,
2025-03-05 05:00:00+00:00,3.039999961853028,3.119999885559082,3.039999961853028,3.109999895095825,3.109999895095825,3582800,LU,,
2025-03-06 05:00:00+00:00,3.180000066757202,3.2799999713897705,3.150000095367432,3.240000009536743,3.240000009536743,3374200,LU,,
2025-03-07 05:00:00+00:00,3.240000009536743,3.244999885559082,3.119999885559082,3.1600000858306885,3.1600000858306885,2734300,LU,,
2025-03-10 04:00:00+00:00,3.069999933242798,3.109999895095825,2.9600000381469727,2.9800000190734863,2.9800000190734863,3672000,LU,,
2025-03-11 04:00:00+00:00,3.039999961853028,3.180000066757202,2.984999895095825,3.150000095367432,3.150000095367432,5841700,LU,,
2025-03-12 04:00:00+00:00,3.130000114440918,3.200000047683716,3.0799999237060547,3.1600000858306885,3.1600000858306885,4566000,LU,,
2025-03-13 04:00:00+00:00,3.109999895095825,3.140000104904175,3.0199999809265137,3.0799999237060547,3.0799999237060547,3361200,LU,,
2025-03-14 04:00:00+00:00,3.190000057220459,3.25,3.134999990463257,3.190000057220459,3.190000057220459,4190200,LU,,
2025-03-17 04:00:00+00:00,3.3299999237060547,3.378999948501587,3.174999952316284,3.190000057220459,3.190000057220459,6623000,LU,,
2025-03-18 04:00:00+00:00,3.25,3.25,3.109999895095825,3.2100000381469727,3.2100000381469727,3079600,LU,,
2025-03-19 04:00:00+00:00,3.2300000190734863,3.240000009536743,3.119999885559082,3.190000057220459,3.190000057220459,4820100,LU,,
2025-03-20 04:00:00+00:00,3.109999895095825,3.119999885559082,2.990000009536743,3.009999990463257,3.009999990463257,3287200,LU,,
2025-03-21 04:00:00+00:00,2.9200000762939453,3.0199999809265137,2.8399999141693115,3.009999990463257,3.009999990463257,7819200,LU,,
2025-03-24 04:00:00+00:00,3.0299999713897705,3.039999961853028,2.950000047683716,2.9800000190734863,2.9800000190734863,3363700,LU,,
2025-03-25 04:00:00+00:00,2.950000047683716,3.069999933242798,2.930000066757202,3.069999933242798,3.069999933242798,2495800,LU,,
2025-03-26 04:00:00+00:00,3.069999933242798,3.0799999237060547,3.0,3.059999942779541,3.059999942779541,3879800,LU,,
2025-03-27 04:00:00+00:00,3.039999961853028,3.0999999046325684,2.990000009536743,3.059999942779541,3.059999942779541,2338400,LU,,
2025-03-28 04:00:00+00:00,3.0199999809265137,3.049999952316284,2.9100000858306885,2.9600000381469727,2.9600000381469727,3132400,LU,,
2025-03-31 04:00:00+00:00,2.9200000762939453,3.039999961853028,2.8980000019073486,2.970000028610229,2.970000028610229,3356900,LU,,
2025-04-01 04:00:00+00:00,2.970000028610229,3.0199999809265137,2.924999952316284,2.9600000381469727,2.9600000381469727,2923200,LU,,
2025-04-02 04:00:00+00:00,2.9600000381469727,3.039999961853028,2.940000057220459,3.0199999809265137,3.0199999809265137,3603700,LU,,
2025-04-03 04:00:00+00:00,2.930000066757202,3.0,2.890000104904175,2.900000095367432,2.900000095367432,2881900,LU,,
2025-04-04 04:00:00+00:00,2.75,2.759999990463257,2.5799999237060547,2.640000104904175,2.640000104904175,4839400,LU,,
2025-04-07 04:00:00+00:00,2.470000028610229,2.5899999141693115,2.3980000019073486,2.4800000190734863,2.4800000190734863,5632500,LU,,
2025-04-08 04:00:00+00:00,2.559999942779541,2.5899999141693115,2.369999885559082,2.450000047683716,2.450000047683716,4739300,LU,,
2025-04-09 04:00:00+00:00,2.4200000762939453,2.5999999046325684,2.319999933242798,2.5799999237060547,2.5799999237060547,4777800,LU,,
2025-04-10 04:00:00+00:00,2.549999952316284,2.680000066757202,2.505000114440918,2.549999952316284,2.549999952316284,5596600,LU,,
2025-04-11 04:00:00+00:00,2.5799999237060547,2.5989999771118164,2.4649999141693115,2.509999990463257,2.509999990463257,3590600,LU,,
2025-04-14 04:00:00+00:00,2.569999933242798,2.700000047683716,2.450000047683716,2.470000028610229,2.470000028610229,7133100,LU,,
2025-04-15 04:00:00+00:00,2.509999990463257,2.630000114440918,2.430000066757202,2.559999942779541,2.559999942779541,6777400,LU,,
2025-04-16 04:00:00+00:00,2.5199999809265137,2.5299999713897705,2.380000114440918,2.430000066757202,2.430000066757202,3410100,LU,,
2025-04-17 04:00:00+00:00,2.440000057220459,2.450000047683716,2.299999952316284,2.359999895095825,2.359999895095825,4723500,LU,,
2025-04-21 04:00:00+00:00,2.3499999046325684,2.380000114440918,2.309999942779541,2.380000114440918,2.380000114440918,2636200,LU,,
2025-04-22 04:00:00+00:00,2.400000095367432,2.490000009536743,2.3550000190734863,2.470000028610229,2.470000028610229,2669300,LU,,
2025-04-23 04:00:00+00:00,2.490000009536743,2.6600000858306885,2.490000009536743,2.619999885559082,2.619999885559082,2340800,LU,,
2025-04-24 04:00:00+00:00,2.7049999237060547,3.150000095367432,2.650000095367432,2.950000047683716,2.950000047683716,10607800,LU,,
2025-04-25 04:00:00+00:00,2.940000057220459,3.130000114440918,2.930000066757202,3.119999885559082,3.119999885559082,5484700,LU,,
2025-04-28 04:00:00+00:00,3.0999999046325684,3.115000009536743,2.9100000858306885,2.950000047683716,2.950000047683716,4354200,LU,,
2025-04-29 04:00:00+00:00,2.8499999046325684,2.9100000858306885,2.809999942779541,2.890000104904175,2.890000104904175,3905200,LU,,
2025-04-30 04:00:00+00:00,2.809999942779541,2.900000095367432,2.799999952316284,2.900000095367432,2.900000095367432,3760600,LU,,
2025-05-01 04:00:00+00:00,2.900000095367432,2.930000066757202,2.799999952316284,2.809999942779541,2.809999942779541,2684400,LU,,
2025-05-02 04:00:00+00:00,2.900000095367432,2.934999942779541,2.859999895095825,2.900000095367432,2.900000095367432,2219400,LU,,
2025-05-05 04:00:00+00:00,2.799999952316284,2.9800000190734863,2.799999952316284,2.9600000381469727,2.9600000381469727,4471900,LU,,
2025-05-06 04:00:00+00:00,3.0,3.0,2.8499999046325684,2.9200000762939453,2.9200000762939453,3212800,LU,,
2025-05-07 04:00:00+00:00,2.859999895095825,2.865000009536743,2.650000095367432,2.759999990463257,2.759999990463257,5608300,LU,,
2025-05-08 04:00:00+00:00,2.7049999237060547,2.789999961853028,2.6600000858306885,2.740000009536743,2.740000009536743,5009800,LU,,
2025-05-09 04:00:00+00:00,2.740000009536743,2.7799999713897705,2.680000066757202,2.740000009536743,2.740000009536743,1142600,LU,,
2025-05-12 04:00:00+00:00,2.880000114440918,2.9200000762939453,2.8399999141693115,2.859999895095825,2.859999895095825,2707700,LU,,
2025-05-13 04:00:00+00:00,2.8299999237060547,2.914999961853028,2.799999952316284,2.890000104904175,2.890000104904175,1743700,LU,,
2025-05-14 04:00:00+00:00,2.9200000762939453,3.039999961853028,2.914999961853028,2.970000028610229,2.970000028610229,4919500,LU,,
2025-05-15 04:00:00+00:00,2.9200000762939453,2.950000047683716,2.859999895095825,2.9200000762939453,2.9200000762939453,3185600,LU,,
2025-05-16 04:00:00+00:00,2.9100000858306885,3.049999952316284,2.9100000858306885,3.0199999809265137,3.0199999809265137,4317100,LU,,
2025-05-19 04:00:00+00:00,2.970000028610229,3.150000095367432,2.950000047683716,3.0999999046325684,3.0999999046325684,4390200,LU,,
2025-05-20 04:00:00+00:00,3.119999885559082,3.164999961853028,3.025000095367432,3.049999952316284,3.049999952316284,2374800,LU,,
2025-05-21 04:00:00+00:00,3.049999952316284,3.0799999237060547,2.900000095367432,2.940000057220459,2.940000057220459,3998800,LU,,
2025-05-22 04:00:00+00:00,2.9200000762939453,3.0199999809265137,2.900000095367432,2.900000095367432,2.900000095367432,3810400,LU,,
2025-05-23 04:00:00+00:00,2.900000095367432,2.930000066757202,2.8299999237060547,2.930000066757202,2.930000066757202,3889300,LU,,
2025-05-27 04:00:00+00:00,2.930000066757202,3.150000095367432,2.9100000858306885,3.150000095367432,3.150000095367432,7845400,LU,,
2025-05-28 04:00:00+00:00,3.130000114440918,3.130000114440918,2.994999885559082,3.039999961853028,3.039999961853028,2882800,LU,,
2025-05-29 04:00:00+00:00,3.069999933242798,3.109999895095825,2.950000047683716,3.0999999046325684,3.0999999046325684,3932200,LU,,
2025-05-30 04:00:00+00:00,3.049999952316284,3.049999952316284,2.9100000858306885,2.930000066757202,2.930000066757202,3804400,LU,,
2025-06-02 04:00:00+00:00,2.950000047683716,3.009999990463257,2.880000114440918,2.890000104904175,2.890000104904175,3282000,LU,,
2025-06-03 04:00:00+00:00,2.940000057220459,2.970000028610229,2.8299999237060547,2.880000114440918,2.880000114440918,1851300,LU,,
2025-06-04 04:00:00+00:00,2.890000104904175,2.970999956130981,2.890000104904175,2.9600000381469727,2.9600000381469727,1617700,LU,,
2025-06-05 04:00:00+00:00,2.970000028610229,3.0,2.9200000762939453,2.9200000762939453,2.9200000762939453,2004600,LU,,
2025-06-06 04:00:00+00:00,2.930000066757202,2.930000066757202,2.8499999046325684,2.900000095367432,2.900000095367432,2221200,LU,,
2025-06-09 04:00:00+00:00,2.9200000762939453,2.9649999141693115,2.880000114440918,2.880000114440918,2.880000114440918,5472500,LU,,
2025-06-10 04:00:00+00:00,2.9100000858306885,2.930000066757202,2.865000009536743,2.900000095367432,2.900000095367432,2133400,LU,,
2025-06-11 04:00:00+00:00,2.900000095367432,2.970000028610229,2.900000095367432,2.940000057220459,2.940000057220459,1732200,LU,,
2025-06-12 04:00:00+00:00,2.9200000762939453,2.9800000190734863,2.9100000858306885,2.9200000762939453,2.9200000762939453,3035400,LU,,
2025-06-13 04:00:00+00:00,2.859999895095825,2.880000114440918,2.799999952316284,2.799999952316284,2.799999952316284,2660800,LU,,
2025-06-16 04:00:00+00:00,2.859999895095825,2.900000095367432,2.819999933242798,2.869999885559082,2.869999885559082,1785800,LU,,
2025-06-17 04:00:00+00:00,2.8399999141693115,2.9089999198913574,2.8299999237060547,2.900000095367432,2.900000095367432,1156600,LU,,
2025-06-18 04:00:00+00:00,2.890000104904175,2.890000104904175,2.8399999141693115,2.859999895095825,2.859999895095825,1557700,LU,,
2025-06-20 04:00:00+00:00,2.880000114440918,2.9100000858306885,2.7799999713897705,2.789999961853028,2.789999961853028,9133300,LU,,
2025-06-23 04:00:00+00:00,2.789999961853028,2.8499999046325684,2.7799999713897705,2.789999961853028,2.789999961853028,1561700,LU,,
2025-06-24 04:00:00+00:00,2.8399999141693115,2.875,2.799999952316284,2.819999933242798,2.819999933242798,2705500,LU,,
2025-06-25 04:00:00+00:00,2.8299999237060547,2.8399999141693115,2.7850000858306885,2.799999952316284,2.799999952316284,1481200,LU,,
2025-06-26 04:00:00+00:00,2.809999942779541,2.819999933242798,2.7799999713897705,2.789999961853028,2.789999961853028,1504700,LU,,
2025-06-27 04:00:00+00:00,2.7799999713897705,2.799999952316284,2.7100000381469727,2.740000009536743,2.740000009536743,2077700,LU,,
2025-06-30 04:00:00+00:00,2.740000009536743,2.805000066757202,2.7049999237060547,2.789999961853028,2.789999961853028,2070700,LU,,
2025-07-01 04:00:00+00:00,2.759999990463257,2.805000066757202,2.720000028610229,2.7300000190734863,2.7300000190734863,2240400,LU,,
2025-07-02 04:00:00+00:00,2.720000028610229,2.799999952316284,2.720000028610229,2.759999990463257,2.759999990463257,1703000,LU,,
2025-07-03 04:00:00+00:00,2.7799999713897705,2.799999952316284,2.75,2.789999961853028,2.789999961853028,721300,LU,,
2025-07-07 04:00:00+00:00,2.789999961853028,2.799999952316284,2.720000028610229,2.740000009536743,2.740000009536743,3374500,LU,,
2025-07-08 04:00:00+00:00,2.759999990463257,2.8399999141693115,2.7300000190734863,2.740000009536743,2.740000009536743,3261900,LU,,
2025-07-09 04:00:00+00:00,2.7799999713897705,2.7799999713897705,2.6600000858306885,2.6600000858306885,2.6600000858306885,1702700,LU,,
2025-07-10 04:00:00+00:00,2.680000066757202,2.7100000381469727,2.6600000858306885,2.690000057220459,2.690000057220459,1193800,LU,,
2025-07-11 04:00:00+00:00,2.700000047683716,2.720000028610229,2.6600000858306885,2.700000047683716,2.700000047683716,1553300,LU,,
2025-07-14 04:00:00+00:00,2.690000057220459,2.75,2.674999952316284,2.75,2.75,1680900,LU,,
2025-07-15 04:00:00+00:00,2.789999961853028,2.8399999141693115,2.7300000190734863,2.740000009536743,2.740000009536743,1848300,LU,,
2025-07-16 04:00:00+00:00,2.7300000190734863,2.749000072479248,2.680000066757202,2.740000009536743,2.740000009536743,1175300,LU,,
2025-07-17 04:00:00+00:00,2.759999990463257,2.809999942779541,2.740999937057495,2.7699999809265137,2.7699999809265137,1096900,LU,,
2025-07-18 04:00:00+00:00,2.799999952316284,2.8499999046325684,2.759999990463257,2.7699999809265137,2.7699999809265137,1617200,LU,,
2025-07-21 04:00:00+00:00,2.7799999713897705,2.9200000762939453,2.7699999809265137,2.9100000858306885,2.9100000858306885,3080500,LU,,
2025-07-22 04:00:00+00:00,2.9100000858306885,2.9800000190734863,2.884999990463257,2.950000047683716,2.950000047683716,3001700,LU,,
2025-07-23 04:00:00+00:00,2.990000009536743,3.180000066757202,2.930000066757202,3.1700000762939453,3.1700000762939453,6683900,LU,,
2025-07-24 04:00:00+00:00,3.200000047683716,3.4100000858306885,3.1700000762939453,3.3499999046325684,3.3499999046325684,8252300,LU,,
2025-07-25 04:00:00+00:00,3.299999952316284,3.299999952316284,2.9100000858306885,2.940000057220459,2.940000057220459,6888100,LU,,
2025-07-28 04:00:00+00:00,2.9600000381469727,2.990000009536743,2.859999895095825,2.880000114440918,2.880000114440918,3049200,LU,,
2025-07-29 04:00:00+00:00,2.890000104904175,2.890000104904175,2.809999942779541,2.859999895095825,2.859999895095825,2093100,LU,,
2025-07-30 04:00:00+00:00,2.8399999141693115,2.869999885559082,2.809999942779541,2.819999933242798,2.819999933242798,1453300,LU,,
2025-07-31 04:00:00+00:00,2.809999942779541,2.940000057220459,2.799999952316284,2.890000104904175,2.890000104904175,1945000,LU,,
2025-08-01 04:00:00+00:00,2.859999895095825,2.869999885559082,2.789999961853028,2.8299999237060547,2.8299999237060547,1485900,LU,,
2025-08-04 04:00:00+00:00,2.880000114440918,2.9200000762939453,2.8499999046325684,2.880000114440918,2.880000114440918,1759600,LU,,
2025-08-05 04:00:00+00:00,2.900000095367432,2.914999961853028,2.819999933242798,2.8299999237060547,2.8299999237060547,1582100,LU,,
2025-08-06 04:00:00+00:00,2.8299999237060547,2.869999885559082,2.819999933242798,2.8299999237060547,2.8299999237060547,1251900,LU,,
2025-08-07 04:00:00+00:00,2.8399999141693115,2.859999895095825,2.7799999713897705,2.819999933242798,2.819999933242798,2208100,LU,,
2025-08-08 04:00:00+00:00,2.809999942779541,2.865000009536743,2.7799999713897705,2.8299999237060547,2.8299999237060547,1267900,LU,,
2025-08-11 04:00:00+00:00,2.8299999237060547,2.8399999141693115,2.759999990463257,2.789999961853028,2.789999961853028,1488700,LU,,
2025-08-12 04:00:00+00:00,2.799999952316284,2.8399999141693115,2.799999952316284,2.819999933242798,2.819999933242798,793800,LU,,
2025-08-13 04:00:00+00:00,2.869999885559082,2.9200000762939453,2.8499999046325684,2.890000104904175,2.890000104904175,1164700,LU,,
2025-08-14 04:00:00+00:00,2.8499999046325684,2.869999885559082,2.819999933242798,2.8499999046325684,2.8499999046325684,672300,LU,,
2025-08-15 04:00:00+00:00,2.869999885559082,2.9200000762939453,2.8299999237060547,2.890000104904175,2.890000104904175,1037600,LU,,
2025-08-18 04:00:00+00:00,2.890000104904175,2.9100000858306885,2.8399999141693115,2.8499999046325684,2.8499999046325684,1683000,LU,,
2025-08-19 04:00:00+00:00,2.8499999046325684,2.869999885559082,2.740000009536743,2.759999990463257,2.759999990463257,1678300,LU,,
2025-08-20 04:00:00+00:00,2.7699999809265137,2.7799999713897705,2.7300000190734863,2.75,2.75,1727400,LU,,
2025-08-21 04:00:00+00:00,2.720000028610229,2.9100000858306885,2.720000028610229,2.900000095367432,2.900000095367432,1933500,LU,,
2025-08-22 04:00:00+00:00,2.9200000762939453,3.119999885559082,2.9200000762939453,3.069999933242798,3.069999933242798,3317700,LU,,
2025-08-25 04:00:00+00:00,3.0899999141693115,3.2149999141693115,3.0899999141693115,3.109999895095825,3.109999895095825,2564000,LU,,
2025-08-26 04:00:00+00:00,3.049999952316284,3.109999895095825,3.009999990463257,3.0299999713897705,3.0299999713897705,2159800,LU,,
2025-08-27 04:00:00+00:00,3.0,3.0299999713897705,2.924999952316284,3.0199999809265137,3.0199999809265137,1657400,LU,,
2025-08-28 04:00:00+00:00,2.990000009536743,3.0199999809265137,2.930000066757202,2.9600000381469727,2.9600000381469727,905500,LU,,
2025-08-29 04:00:00+00:00,2.9600000381469727,3.0,2.890000104904175,2.940000057220459,2.940000057220459,1202800,LU,,
2025-09-02 04:00:00+00:00,2.930000066757202,3.1600000858306885,2.930000066757202,3.0799999237060547,3.0799999237060547,3314400,LU,,
2025-09-03 04:00:00+00:00,3.109999895095825,3.2699999809265137,3.059999942779541,3.069999933242798,3.069999933242798,2682400,LU,,
2025-09-04 04:00:00+00:00,3.069999933242798,3.069999933242798,2.930000066757202,2.9600000381469727,2.9600000381469727,1844300,LU,,
2025-09-05 04:00:00+00:00,3.0199999809265137,3.039999961853028,2.9600000381469727,3.009999990463257,3.009999990463257,1510900,LU,,
2025-09-08 04:00:00+00:00,3.0299999713897705,3.039999961853028,2.880000114440918,2.9200000762939453,2.9200000762939453,2026500,LU,,
2025-09-09 04:00:00+00:00,2.940000057220459,3.0299999713897705,2.940000057220459,3.0199999809265137,3.0199999809265137,2010200,LU,,
2025-09-10 04:00:00+00:00,3.0199999809265137,3.0199999809265137,2.924999952316284,2.930000066757202,2.930000066757202,1267700,LU,,
2025-09-11 04:00:00+00:00,2.940000057220459,3.0299999713897705,2.940000057220459,3.0199999809265137,3.0199999809265137,1393700,LU,,
2025-09-12 04:00:00+00:00,3.0199999809265137,3.0299999713897705,2.9200000762939453,3.009999990463257,3.009999990463257,1714800,LU,,
2025-09-15 04:00:00+00:00,3.009999990463257,3.0799999237060547,2.970000028610229,3.0299999713897705,3.0299999713897705,1306800,LU,,
2025-09-16 04:00:00+00:00,3.039999961853028,3.0999999046325684,2.934999942779541,2.970000028610229,2.970000028610229,1328700,LU,,
2025-09-17 04:00:00+00:00,3.0,3.2100000381469727,3.0,3.140000104904175,3.140000104904175,2381800,LU,,
2025-09-18 04:00:00+00:00,3.1700000762939453,3.220000028610229,3.115000009536743,3.2100000381469727,3.2100000381469727,2053000,LU,,
2025-09-19 04:00:00+00:00,3.25,3.390000104904175,3.2100000381469727,3.319999933242798,3.319999933242798,3984800,LU,,
2025-09-22 04:00:00+00:00,3.359999895095825,3.555000066757202,3.359999895095825,3.4200000762939453,3.4200000762939453,4953500,LU,,
2025-09-23 04:00:00+00:00,3.450000047683716,3.565000057220459,3.380000114440918,3.4100000858306885,3.4100000858306885,3999900,LU,,
2025-09-24 04:00:00+00:00,3.430000066757202,3.4600000381469727,3.3550000190734863,3.400000095367432,3.400000095367432,3128200,LU,,
2025-09-25 04:00:00+00:00,3.380000114440918,3.434999942779541,3.299999952316284,3.4200000762939453,3.4200000762939453,2400100,LU,,
2025-09-26 04:00:00+00:00,3.369999885559082,3.5999999046325684,3.369999885559082,3.5899999141693115,3.5899999141693115,2851800,LU,,
2025-09-29 04:00:00+00:00,3.7300000190734863,4.090000152587891,3.7109999656677246,4.059999942779541,4.059999942779541,7461900,LU,,
2025-09-30 04:00:00+00:00,4.099999904632568,4.099999904632568,3.9600000381469727,4.059999942779541,4.059999942779541,4344500,LU,,
2025-10-01 04:00:00+00:00,4.059999942779541,4.420000076293945,4.010000228881836,4.400000095367432,4.400000095367432,5785000,LU,,
2025-10-02 04:00:00+00:00,4.460000038146973,4.570000171661377,4.25,4.360000133514404,4.360000133514404,5234500,LU,,
2025-10-03 04:00:00+00:00,4.340000152587891,4.349999904632568,3.75,4.0,4.0,6129000,LU,,
2025-10-06 04:00:00+00:00,3.7699999809265137,4.099999904632568,3.7699999809265137,4.090000152587891,4.090000152587891,3452100,LU,,
2025-10-07 04:00:00+00:00,4.090000152587891,4.099999904632568,3.869999885559082,3.869999885559082,3.869999885559082,1797700,LU,,
2025-10-08 04:00:00+00:00,3.920000076293945,4.0960001945495605,3.913000106811523,3.990000009536743,3.990000009536743,1668200,LU,,
2025-10-09 04:00:00+00:00,4.0,4.03000020980835,3.890000104904175,3.930000066757202,3.930000066757202,1441900,LU,,
2025-10-10 04:00:00+00:00,3.930000066757202,3.989000082015991,3.5850000381469727,3.619999885559082,3.619999885559082,4068100,LU,,
2025-10-13 04:00:00+00:00,3.7899999618530273,3.839999914169312,3.703999996185303,3.7799999713897705,3.7799999713897705,1501800,LU,,
2025-10-14 04:00:00+00:00,3.700000047683716,3.700000047683716,3.509999990463257,3.650000095367432,3.650000095367432,3255100,LU,,
2025-10-15 04:00:00+00:00,3.7100000381469727,3.747999906539917,3.555000066757202,3.640000104904175,3.640000104904175,2603700,LU,,
2025-10-16 04:00:00+00:00,3.609999895095825,3.640000104904175,3.299999952316284,3.309999942779541,3.309999942779541,5289700,LU,,
2025-10-17 04:00:00+00:00,3.240000009536743,3.240000009536743,3.150000095367432,3.200000047683716,3.200000047683716,2646900,LU,,
2025-10-20 04:00:00+00:00,3.240000009536743,3.3499999046325684,3.220000028610229,3.240000009536743,3.240000009536743,3636700,LU,,
2025-10-21 04:00:00+00:00,3.2300000190734863,3.2699999809265137,3.164999961853028,3.25,3.25,1704400,LU,,
2025-10-22 04:00:00+00:00,3.200000047683716,3.289999961853028,3.164999961853028,3.220000028610229,3.220000028610229,1687800,LU,,
2025-10-23 04:00:00+00:00,3.299999952316284,3.4100000858306885,3.184999942779541,3.2100000381469727,3.2100000381469727,2652000,LU,,
2025-10-24 04:00:00+00:00,3.039999961853028,3.377000093460083,3.0,3.299999952316284,3.299999952316284,5848200,LU,,
2025-10-27 04:00:00+00:00,3.359999895095825,3.440000057220459,3.309999942779541,3.309999942779541,3.309999942779541,3339700,LU,,
2025-10-28 04:00:00+00:00,3.299999952316284,3.299999952316284,2.940000057220459,2.9800000190734863,2.9800000190734863,5647500,LU,,
2025-10-29 04:00:00+00:00,2.990000009536743,3.0199999809265137,2.819999933242798,2.819999933242798,2.819999933242798,2463800,LU,,
2025-10-30 04:00:00+00:00,2.809999942779541,2.819999933242798,2.759999990463257,2.799999952316284,2.799999952316284,2472600,LU,,
2025-10-31 04:00:00+00:00,2.940000057220459,3.200000047683716,2.9200000762939453,3.119999885559082,3.119999885559082,4829100,LU,,
2025-11-03 05:00:00+00:00,3.0899999141693115,3.119999885559082,2.970000028610229,2.970000028610229,2.970000028610229,1769200,LU,,
2025-11-04 05:00:00+00:00,2.890000104904175,2.900000095367432,2.809999942779541,2.8499999046325684,2.8499999046325684,1696800,LU,,
2025-11-05 05:00:00+00:00,2.859999895095825,2.914999961853028,2.819999933242798,2.8499999046325684,2.8499999046325684,2357400,LU,,
2025-11-06 05:00:00+00:00,2.8499999046325684,2.869999885559082,2.789999961853028,2.819999933242798,2.819999933242798,1031300,LU,,
2025-11-07 05:00:00+00:00,2.819999933242798,2.8299999237060547,2.740000009536743,2.8299999237060547,2.8299999237060547,2089400,LU,,
2025-11-10 05:00:00+00:00,2.8499999046325684,2.900000095367432,2.8399999141693115,2.890000104904175,2.890000104904175,1657700,LU,,
2025-11-11 05:00:00+00:00,2.880000114440918,2.888000011444092,2.809999942779541,2.8299999237060547,2.8299999237060547,781400,LU,,
2025-11-12 05:00:00+00:00,2.8499999046325684,2.8499999046325684,2.7249999046325684,2.740000009536743,2.740000009536743,1236900,LU,,
2025-11-13 05:00:00+00:00,2.7699999809265137,2.7699999809265137,2.690000057220459,2.7300000190734863,2.7300000190734863,1619400,LU,,
2025-11-14 05:00:00+00:00,2.690000057220459,2.7300000190734863,2.650000095367432,2.650000095367432,2.650000095367432,1834000,LU,,
2025-11-17 05:00:00+00:00,2.6600000858306885,2.6600000858306885,2.559999942779541,2.569999933242798,2.569999933242798,1468200,LU,,
2025-11-18 05:00:00+00:00,2.549999952316284,2.5999999046325684,2.539999961853028,2.549999952316284,2.549999952316284,2284700,LU,,
2025-11-19 05:00:00+00:00,2.5799999237060547,2.5799999237060547,2.430000066757202,2.440000057220459,2.440000057220459,2920200,LU,,
2025-11-20 05:00:00+00:00,2.4600000381469727,2.5299999713897705,2.369999885559082,2.369999885559082,2.369999885559082,2439700,LU,,
2025-11-21 05:00:00+00:00,2.390000104904175,2.450000047683716,2.375,2.4100000858306885,2.4100000858306885,1653100,LU,,
2025-11-24 05:00:00+00:00,2.450000047683716,2.509999990463257,2.4210000038146973,2.509999990463257,2.509999990463257,1418500,LU,,
2025-11-25 05:00:00+00:00,2.5199999809265137,2.630000114440918,2.509999990463257,2.559999942779541,2.559999942779541,2417900,LU,,
2025-11-26 05:00:00+00:00,2.5899999141693115,2.5899999141693115,2.509999990463257,2.5199999809265137,2.5199999809265137,1257600,LU,,
2025-11-28 05:00:00+00:00,2.5199999809265137,2.559999942779541,2.4800000190734863,2.5,2.5,1133500,LU,,
2025-12-01 05:00:00+00:00,2.4800000190734863,2.549999952316284,2.450000047683716,2.539999961853028,2.539999961853028,1318500,LU,,
2025-12-02 05:00:00+00:00,2.539999961853028,2.7049999237060547,2.5299999713897705,2.559999942779541,2.559999942779541,2494100,LU,,
2025-12-03 05:00:00+00:00,2.559999942779541,2.5999999046325684,2.5269999504089355,2.549999952316284,2.549999952316284,772700,LU,,
2025-12-04 05:00:00+00:00,2.5799999237060547,2.615000009536743,2.549999952316284,2.549999952316284,2.549999952316284,1395100,LU,,
2025-12-05 05:00:00+00:00,2.569999933242798,2.6549999713897705,2.555000066757202,2.619999885559082,2.619999885559082,1312200,LU,,
2025-12-08 05:00:00+00:00,2.619999885559082,2.736999988555908,2.5999999046325684,2.650000095367432,2.650000095367432,2405000,LU,,
2025-12-09 05:00:00+00:00,2.630000114440918,2.640000104904175,2.5899999141693115,2.630000114440918,2.630000114440918,624200,LU,,
2025-12-10 05:00:00+00:00,2.630000114440918,2.690000057220459,2.630000114440918,2.650000095367432,2.650000095367432,646100,LU,,
2025-12-11 05:00:00+00:00,2.640000104904175,2.720000028610229,2.619999885559082,2.700000047683716,2.700000047683716,971200,LU,,
2025-12-12 05:00:00+00:00,2.7100000381469727,2.759999990463257,2.6600000858306885,2.6600000858306885,2.6600000858306885,718600,LU,,
2025-12-15 05:00:00+00:00,2.6700000762939453,2.690000057220459,2.569999933242798,2.5799999237060547,2.5799999237060547,1549000,LU,,
2025-12-16 05:00:00+00:00,2.549999952316284,2.609999895095825,2.5450000762939453,2.5999999046325684,2.5999999046325684,763200,LU,,
2025-12-17 05:00:00+00:00,2.609999895095825,2.640000104904175,2.569999933242798,2.5799999237060547,2.5799999237060547,698100,LU,,
2025-12-18 05:00:00+00:00,2.609999895095825,2.6549999713897705,2.5799999237060547,2.619999885559082,2.619999885559082,874700,LU,,
2025-12-19 05:00:00+00:00,2.650000095367432,2.700000047683716,2.630000114440918,2.6700000762939453,2.6700000762939453,1844700,LU,,
2025-12-22 05:00:00+00:00,2.700000047683716,2.75,2.6600000858306885,2.6600000858306885,2.6600000858306885,922200,LU,,
2025-12-23 05:00:00+00:00,2.619999885559082,2.680000066757202,2.619999885559082,2.6600000858306885,2.6600000858306885,707500,LU,,
2025-12-24 05:00:00+00:00,2.619999885559082,2.6600000858306885,2.619999885559082,2.640000104904175,2.640000104904175,543600,LU,,
2025-12-26 05:00:00+00:00,2.640000104904175,2.6600000858306885,2.609999895095825,2.650000095367432,2.650000095367432,613500,LU,,
2025-12-29 05:00:00+00:00,2.619999885559082,2.640000104904175,2.575000047683716,2.5799999237060547,2.5799999237060547,980700,LU,,
2025-12-30 05:00:00+00:00,2.5799999237060547,2.6050000190734863,2.569999933242798,2.569999933242798,2.569999933242798,855400,LU,,
2025-12-31 05:00:00+00:00,2.559999942779541,2.595000028610229,2.5299999713897705,2.559999942779541,2.559999942779541,873800,LU,,
2026-01-02 05:00:00+00:00,2.5999999046325684,2.700000047683716,2.5899999141693115,2.690000057220459,2.690000057220459,928000,LU,,
2026-01-05 05:00:00+00:00,2.680000066757202,2.799999952316284,2.650000095367432,2.759999990463257,2.759999990463257,969700,LU,,
2026-01-06 05:00:00+00:00,2.7799999713897705,2.789999961853028,2.690000057220459,2.720000028610229,2.720000028610229,1163800,LU,,
2026-01-07 05:00:00+00:00,2.700000047683716,2.765000104904175,2.650000095367432,2.720000028610229,2.720000028610229,1050700,LU,,
2026-01-08 05:00:00+00:00,2.680000066757202,2.740000009536743,2.6730000972747803,2.720000028610229,2.720000028610229,499900,LU,,
2026-01-09 05:00:00+00:00,2.700000047683716,2.75,2.619999885559082,2.630000114440918,2.630000114440918,910900,LU,,
2026-01-12 05:00:00+00:00,2.640000104904175,2.744999885559082,2.630000114440918,2.690000057220459,2.690000057220459,1099300,LU,,
2026-01-13 05:00:00+00:00,2.6700000762939453,2.75,2.640000104904175,2.700000047683716,2.700000047683716,1507300,LU,,
2026-01-14 05:00:00+00:00,2.700000047683716,2.700000047683716,2.5799999237060547,2.5999999046325684,2.5999999046325684,2400000,LU,,
2026-01-15 05:00:00+00:00,2.559999942779541,2.630000114440918,2.559999942779541,2.5999999046325684,2.5999999046325684,1179000,LU,,
2026-01-16 05:00:00+00:00,2.569999933242798,2.640000104904175,2.569999933242798,2.619999885559082,2.619999885559082,765400,LU,,
2026-01-20 05:00:00+00:00,2.5799999237060547,2.680999994277954,2.559999942779541,2.5799999237060547,2.5799999237060547,1750200,LU,,
2026-01-21 05:00:00+00:00,2.619999885559082,2.674999952316284,2.6050000190734863,2.6700000762939453,2.6700000762939453,984200,LU,,
2026-01-22 05:00:00+00:00,2.650000095367432,2.75,2.650000095367432,2.7100000381469727,2.7100000381469727,1180300,LU,,
2026-01-23 05:00:00+00:00,2.7100000381469727,2.7100000381469727,2.6700000762939453,2.6700000762939453,2.6700000762939453,618500,LU,,
2026-01-26 05:00:00+00:00,2.6600000858306885,2.700000047683716,2.630000114440918,2.6600000858306885,2.6600000858306885,1337000,LU,,
2026-01-27 05:00:00+00:00,2.7100000381469727,2.7100000381469727,2.640000104904175,2.690000057220459,2.690000057220459,717800,LU,,
2026-01-28 05:00:00+00:00,2.700000047683716,2.7100000381469727,2.650000095367432,2.6700000762939453,2.6700000762939453,1382500,LU,,
2026-01-29 05:00:00+00:00,2.7100000381469727,2.7249999046325684,2.650000095367432,2.7100000381469727,2.7100000381469727,960300,LU,,
2026-01-30 05:00:00+00:00,2.650000095367432,2.7149999141693115,2.609999895095825,2.6600000858306885,2.6600000858306885,1229800,LU,,
2026-02-02 05:00:00+00:00,2.619999885559082,2.664999961853028,2.5999999046325684,2.5999999046325684,2.5999999046325684,1085000,LU,,
2026-02-03 05:00:00+00:00,2.609999895095825,2.615999937057495,2.539999961853028,2.549999952316284,2.549999952316284,1301500,LU,,
2026-02-04 05:00:00+00:00,2.549999952316284,2.559999942779541,2.484999895095825,2.509999990463257,2.509999990463257,1390200,LU,,
2026-02-05 05:00:00+00:00,2.5,2.630000114440918,2.490000009536743,2.619999885559082,2.619999885559082,2464300,LU,,
2026-02-06 05:00:00+00:00,2.6600000858306885,2.9049999713897705,2.634999990463257,2.890000104904175,2.890000104904175,2616600,LU,,
2026-02-09 05:00:00+00:00,2.9100000858306885,3.005000114440918,2.859999895095825,2.880000114440918,2.880000114440918,2283800,LU,,
2026-02-10 05:00:00+00:00,2.869999885559082,3.005000114440918,2.859999895095825,2.930000066757202,2.930000066757202,1069800,LU,,
2026-02-11 05:00:00+00:00,2.950000047683716,2.9800000190734863,2.880000114440918,2.890000104904175,2.890000104904175,960800,LU,,
2026-02-12 05:00:00+00:00,2.900000095367432,2.9049999713897705,2.691999912261963,2.759999990463257,2.759999990463257,2177800,LU,,
2026-02-13 05:00:00+00:00,2.700000047683716,2.7100000381469727,2.6600000858306885,2.690000057220459,2.690000057220459,666300,LU,,
2026-02-17 05:00:00+00:00,2.990000009536743,3.2100000381469727,2.869999885559082,3.109999895095825,3.109999895095825,4907000,LU,,
2026-02-18 05:00:00+00:00,3.0999999046325684,3.119999885559082,3.049999952316284,3.049999952316284,3.049999952316284,966700,LU,,
2026-02-19 05:00:00+00:00,3.0299999713897705,3.0350000858306885,2.940000057220459,2.950000047683716,2.950000047683716,1014800,LU,,
2026-02-20 05:00:00+00:00,2.940000057220459,2.944999933242798,2.809999942779541,2.819999933242798,2.819999933242798,989600,LU,,
2026-02-23 05:00:00+00:00,2.809999942779541,2.8299999237060547,2.7100000381469727,2.7300000190734863,2.7300000190734863,931100,LU,,
2026-02-24 05:00:00+00:00,2.690000057220459,2.7699999809265137,2.690000057220459,2.740000009536743,2.740000009536743,850400,LU,,
2026-02-25 05:00:00+00:00,2.789999961853028,2.8299999237060547,2.7300000190734863,2.740000009536743,2.740000009536743,852700,LU,,
2026-02-26 05:00:00+00:00,2.7300000190734863,2.75,2.684999942779541,2.700000047683716,2.700000047683716,1019400,LU,,
2026-02-27 05:00:00+00:00,2.680000066757202,2.700000047683716,2.5999999046325684,2.5999999046325684,2.5999999046325684,1231000,LU,,
2026-03-02 05:00:00+00:00,2.5999999046325684,2.5999999046325684,2.5299999713897705,2.539999961853028,2.539999961853028,1166800,LU,,
2026-03-03 05:00:00+00:00,2.509999990463257,2.51200008392334,2.4100000858306885,2.430000066757202,2.430000066757202,2741100,LU,,
2026-03-04 05:00:00+00:00,2.4600000381469727,2.5,2.4100000858306885,2.4200000762939453,2.4200000762939453,1666700,LU,,
2026-03-05 05:00:00+00:00,2.4100000858306885,2.470000028610229,2.400000095367432,2.4600000381469727,2.4600000381469727,1462200,LU,,
2026-03-06 05:00:00+00:00,2.450000047683716,2.5,2.4100000858306885,2.4200000762939453,2.4200000762939453,1460100,LU,,
2026-03-09 04:00:00+00:00,2.400000095367432,2.450000047683716,2.3399999141693115,2.380000114440918,2.380000114440918,1599200,LU,,
2026-03-10 04:00:00+00:00,2.4200000762939453,2.440000057220459,2.3299999237060547,2.390000104904175,2.390000104904175,2041400,LU,0.0,0.0
2026-03-11 04:00:00+00:00,2.359999895095825,2.380000114440918,2.2799999713897705,2.289999961853028,2.289999961853028,2047000,LU,0.0,0.0
2026-03-12 04:00:00+00:00,2.2799999713897705,2.299999952316284,2.220000028610229,2.2300000190734863,2.2300000190734863,1452200,LU,0.0,0.0
2026-03-13 04:00:00+00:00,2.259999990463257,2.328000068664551,2.2300000190734863,2.25,2.25,2403500,LU,0.0,0.0
2026-03-16 04:00:00+00:00,2.299999952316284,2.345000028610229,2.25,2.259999990463257,2.259999990463257,1323600,LU,0.0,0.0
2026-03-17 04:00:00+00:00,2.3299999237060547,2.3499999046325684,2.2699999809265137,2.2799999713897705,2.2799999713897705,1035100,LU,0.0,0.0
2026-03-18 04:00:00+00:00,2.2699999809265137,2.3299999237060547,2.234999895095825,2.259999990463257,2.259999990463257,1646400,LU,0.0,0.0
2026-03-19 04:00:00+00:00,2.220000028610229,2.240000009536743,2.1700000762939453,2.200000047683716,2.200000047683716,1631500,LU,0.0,0.0
2026-03-20 04:00:00+00:00,2.190000057220459,2.190000057220459,2.049999952316284,2.049999952316284,2.049999952316284,4466000,LU,0.0,0.0
2026-03-23 04:00:00+00:00,2.119999885559082,2.119999885559082,1.8799999952316284,1.8799999952316284,1.8799999952316284,4518900,LU,0.0,0.0
2026-03-24 04:00:00+00:00,1.8600000143051147,1.8799999952316284,1.725000023841858,1.840000033378601,1.840000033378601,3751400,LU,0.0,0.0
2026-03-25 04:00:00+00:00,1.8799999952316284,1.950000047683716,1.8799999952316284,1.9299999475479128,1.9299999475479128,2066900,LU,0.0,0.0
2026-03-26 04:00:00+00:00,1.899999976158142,1.9900000095367432,1.8799999952316284,1.8899999856948853,1.8899999856948853,2012800,LU,0.0,0.0
2026-03-27 04:00:00+00:00,1.8600000143051147,1.8799999952316284,1.809999942779541,1.820000052452088,1.820000052452088,1089500,LU,0.0,0.0
2026-03-30 04:00:00+00:00,1.809999942779541,1.8350000381469729,1.7799999713897705,1.7799999713897705,1.7799999713897705,665000,LU,0.0,0.0
2026-03-31 04:00:00+00:00,1.7899999618530271,1.8799999952316284,1.7799999713897705,1.870000004768372,1.870000004768372,1934300,LU,0.0,0.0
2026-04-01 04:00:00+00:00,1.8899999856948853,1.899999976158142,1.8600000143051147,1.8899999856948853,1.8899999856948853,587100,LU,0.0,0.0
2026-04-02 04:00:00+00:00,1.820000052452088,1.9299999475479128,1.820000052452088,1.8600000143051147,1.8600000143051147,764600,LU,0.0,0.0
2026-04-06 04:00:00+00:00,1.8600000143051147,1.909999966621399,1.8600000143051147,1.870000004768372,1.870000004768372,728000,LU,0.0,0.0
2026-04-07 04:00:00+00:00,1.8600000143051147,1.8650000095367432,1.7999999523162842,1.7999999523162842,1.7999999523162842,1021800,LU,0.0,0.0
2026-04-08 04:00:00+00:00,1.919999957084656,1.940000057220459,1.8949999809265137,1.909999966621399,1.909999966621399,856100,LU,0.0,0.0
2026-04-09 04:00:00+00:00,1.8799999952316284,1.919999957084656,1.870000004768372,1.8799999952316284,1.8799999952316284,714900,LU,0.0,0.0
2026-04-10 04:00:00+00:00,1.909999966621399,1.909999966621399,1.8799999952316284,1.8799999952316284,1.8799999952316284,384700,LU,0.0,0.0
2026-04-13 04:00:00+00:00,1.870000004768372,1.909999966621399,1.850000023841858,1.899999976158142,1.899999976158142,363100,LU,0.0,0.0
2026-04-14 04:00:00+00:00,1.909999966621399,1.9900000095367432,1.909999966621399,1.940000057220459,1.940000057220459,556700,LU,0.0,0.0
2026-04-15 04:00:00+00:00,1.9299999475479128,1.975000023841858,1.924999952316284,1.940000057220459,1.940000057220459,460200,LU,0.0,0.0
2026-04-16 00:00:00+00:00,1.9700000286102293,2.130000114440918,1.9700000286102293,2.0299999713897705,2.0299999713897705,1684900,LU,0.0,0.0
2026-04-17 00:00:00+00:00,2.0999999046325684,2.130000114440918,1.8899999856948853,1.8899999856948853,1.8899999856948853,11511300,LU,0.0,0.0
2026-04-20 00:00:00+00:00,1.899999976158142,1.919999957084656,1.8650000095367432,1.899999976158142,1.899999976158142,1393400,LU,0.0,0.0
2026-04-21 00:00:00+00:00,1.940000057220459,1.940000057220459,1.8700000047683716,1.8700000047683716,1.8700000047683716,983100,LU,0.0,0.0
2026-04-22 00:00:00+00:00,1.909999966621399,1.9299999475479126,1.8799999952316284,1.8899999856948853,1.8899999856948853,755000,LU,0.0,0.0
2026-04-23 00:00:00+00:00,1.8700000047683716,1.8799999952316284,1.840000033378601,1.8600000143051147,1.8600000143051147,933000,LU,0.0,0.0
2026-04-24 00:00:00+00:00,1.8600000143051147,1.9450000524520874,1.8600000143051147,1.9199999570846558,1.9199999570846558,705800,LU,0.0,0.0
