date,Open,High,Low,Close,Adj Close,Volume,symbol,Dividends,Stock Splits,Capital Gains
2024-12-30 05:00:00+00:00,19.809999465942383,19.84000015258789,19.790000915527344,19.81999969482422,19.39682579040528,20500,MGOV,,,
2024-12-31 05:00:00+00:00,19.84000015258789,19.86899948120117,19.77499961853028,19.833999633789062,19.41053009033203,29700,MGOV,,,
2025-01-02 05:00:00+00:00,19.82999992370605,19.84000015258789,19.770000457763672,19.80500030517578,19.38215065002441,31000,MGOV,,,
2025-01-03 05:00:00+00:00,19.827999114990234,19.82999992370605,19.739999771118164,19.81999969482422,19.39682579040528,27900,MGOV,,,
2025-01-06 05:00:00+00:00,19.780000686645508,19.780000686645508,19.739999771118164,19.7549991607666,19.333213806152344,6700,MGOV,,,
2025-01-07 05:00:00+00:00,19.76000022888184,19.76000022888184,19.670000076293945,19.700000762939453,19.279390335083008,25100,MGOV,,,
2025-01-08 05:00:00+00:00,19.68000030517578,19.718000411987305,19.670000076293945,19.709999084472656,19.289175033569336,8700,MGOV,,,
2025-01-10 05:00:00+00:00,19.636999130249023,19.636999130249023,19.58099937438965,19.59499931335449,19.1766300201416,5300,MGOV,,,
2025-01-13 05:00:00+00:00,19.57999992370605,19.59000015258789,19.540000915527344,19.565000534057617,19.14727210998535,29400,MGOV,,,
2025-01-14 05:00:00+00:00,19.56999969482422,19.57999992370605,19.559999465942383,19.57999992370605,19.16195106506348,8400,MGOV,,,
2025-01-15 05:00:00+00:00,19.739999771118164,19.76000022888184,19.71999931335449,19.76000022888184,19.33810806274414,287700,MGOV,,,
2025-01-16 05:00:00+00:00,19.780000686645508,19.8799991607666,19.770999908447266,19.8700008392334,19.44576072692871,23600,MGOV,,,
2025-01-17 05:00:00+00:00,19.8799991607666,19.8799991607666,19.84000015258789,19.84499931335449,19.421295166015625,2400,MGOV,,,
2025-01-21 05:00:00+00:00,19.88999938964844,19.89999961853028,19.86000061035156,19.8799991607666,19.455547332763672,3600,MGOV,,,
2025-01-22 05:00:00+00:00,19.790000915527344,19.84000015258789,19.729999542236328,19.788000106811523,19.45161437988281,10600,MGOV,,,
2025-01-23 05:00:00+00:00,19.81999969482422,19.81999969482422,19.739999771118164,19.770000457763672,19.43391990661621,21000,MGOV,,,
2025-01-24 05:00:00+00:00,19.729999542236328,19.780000686645508,19.709999084472656,19.749000549316406,19.41327667236328,25600,MGOV,,,
2025-01-27 05:00:00+00:00,19.86000061035156,19.87299919128418,19.799999237060547,19.8700008392334,19.53221893310547,17800,MGOV,,,
2025-01-28 05:00:00+00:00,19.729999542236328,19.88999938964844,19.729999542236328,19.88999938964844,19.551877975463867,13600,MGOV,,,
2025-01-29 05:00:00+00:00,19.90999984741211,19.90999984741211,19.809999465942383,19.8799991607666,19.542049407958984,23000,MGOV,,,
2025-01-30 05:00:00+00:00,19.916000366210938,19.940000534057617,19.8799991607666,19.916000366210938,19.57744026184082,22200,MGOV,,,
2025-01-31 05:00:00+00:00,19.950000762939453,19.950000762939453,19.881999969482425,19.88400077819824,19.545982360839844,11700,MGOV,,,
2025-02-03 05:00:00+00:00,19.93000030517578,19.959999084472656,19.895000457763672,19.895000457763672,19.55679512023925,7200,MGOV,,,
2025-02-04 05:00:00+00:00,19.850000381469727,19.940000534057617,19.850000381469727,19.92399978637696,19.58530235290528,9800,MGOV,,,
2025-02-05 05:00:00+00:00,20.030000686645508,20.100000381469727,20.030000686645508,20.05500030517578,19.714075088500977,14400,MGOV,,,
2025-02-06 05:00:00+00:00,20.049999237060547,20.09000015258789,20.0,20.045000076293945,19.704246520996094,9100,MGOV,,,
2025-02-07 05:00:00+00:00,19.96500015258789,20.0,19.959999084472656,19.979999542236328,19.640352249145508,10200,MGOV,,,
2025-02-10 05:00:00+00:00,20.020000457763672,20.07999992370605,19.959999084472656,20.020000457763672,19.679672241210938,8700,MGOV,,,
2025-02-11 05:00:00+00:00,19.929000854492188,19.950000762939453,19.881999969482425,19.934999465942383,19.596115112304688,21700,MGOV,,,
2025-02-12 05:00:00+00:00,19.790000915527344,19.84000015258789,19.790000915527344,19.81100082397461,19.47422218322754,17700,MGOV,,,
2025-02-13 05:00:00+00:00,19.88999938964844,19.96999931335449,19.88999938964844,19.941999435424805,19.60299491882324,9400,MGOV,,,
2025-02-14 05:00:00+00:00,20.07999992370605,20.07999992370605,20.0,20.0,19.660011291503903,2300,MGOV,,,
2025-02-18 05:00:00+00:00,19.950000762939453,20.01000022888184,19.93000030517578,19.93199920654297,19.593164443969727,10200,MGOV,,,
2025-02-19 05:00:00+00:00,19.940000534057617,19.979999542236328,19.88999938964844,19.964000701904297,19.62462043762207,6500,MGOV,,,
2025-02-20 05:00:00+00:00,20.020000457763672,20.059999465942383,19.959999084472656,19.9950008392334,19.65509414672852,19800,MGOV,,,
2025-02-21 05:00:00+00:00,19.959999084472656,20.030000686645508,19.89999961853028,20.030000686645508,19.77653884887696,8900,MGOV,,,
2025-02-24 05:00:00+00:00,19.989999771118164,20.1200008392334,19.989999771118164,20.06999969482422,19.81603240966797,24700,MGOV,,,
2025-02-25 05:00:00+00:00,20.14999961853028,20.200000762939453,20.14999961853028,20.190000534057617,19.93451499938965,7700,MGOV,,,
2025-02-26 05:00:00+00:00,20.200000762939453,20.25,20.170000076293945,20.239999771118164,19.9838809967041,6100,MGOV,,,
2025-02-27 05:00:00+00:00,20.19700050354004,20.21999931335449,20.14999961853028,20.21299934387207,19.95722007751465,10500,MGOV,,,
2025-02-28 05:00:00+00:00,20.27199935913086,20.309999465942383,20.239999771118164,20.302000045776367,20.04509925842285,8100,MGOV,,,
2025-03-03 05:00:00+00:00,20.302000045776367,20.3700008392334,20.299999237060547,20.3700008392334,20.11223602294922,8600,MGOV,,,
2025-03-04 05:00:00+00:00,20.38999938964844,20.38999938964844,20.280000686645508,20.309999465942383,20.052993774414062,126800,MGOV,,,
2025-03-05 05:00:00+00:00,20.25,20.25,20.170000076293945,20.200000762939453,19.94438934326172,30900,MGOV,,,
2025-03-06 05:00:00+00:00,20.18000030517578,20.229999542236328,20.1200008392334,20.18000030517578,19.92464065551757,19300,MGOV,,,
2025-03-07 05:00:00+00:00,20.270000457763672,20.270000457763672,20.15999984741211,20.17300033569336,19.9177303314209,11000,MGOV,,,
2025-03-10 04:00:00+00:00,20.299999237060547,20.350000381469727,20.26000022888184,20.309999465942383,20.052993774414062,33800,MGOV,,,
2025-03-11 04:00:00+00:00,20.31999969482422,20.34000015258789,20.209999084472656,20.229999542236328,19.97400665283203,16600,MGOV,,,
2025-03-12 04:00:00+00:00,20.19499969482422,20.209999084472656,20.170000076293945,20.17300033569336,19.9177303314209,21500,MGOV,,,
2025-03-13 04:00:00+00:00,20.170000076293945,20.26000022888184,20.1299991607666,20.2450008392334,19.988819122314453,8100,MGOV,,,
2025-03-14 04:00:00+00:00,20.209999084472656,20.21999931335449,20.1299991607666,20.15800094604492,19.90291976928711,91800,MGOV,,,
2025-03-17 04:00:00+00:00,20.200000762939453,20.222999572753903,20.15999984741211,20.17300033569336,19.9177303314209,14100,MGOV,,,
2025-03-18 04:00:00+00:00,20.170000076293945,20.229999542236328,20.170000076293945,20.200000762939453,19.94438934326172,42100,MGOV,,,
2025-03-19 04:00:00+00:00,20.190000534057617,20.290000915527344,20.170000076293945,20.27300071716309,20.01646423339844,8600,MGOV,,,
2025-03-20 04:00:00+00:00,20.36000061035156,20.39699935913086,20.290000915527344,20.301000595092773,20.04411125183105,16100,MGOV,,,
2025-03-21 04:00:00+00:00,20.309999465942383,20.309999465942383,20.270000457763672,20.2810001373291,20.02436256408692,5900,MGOV,,,
2025-03-24 04:00:00+00:00,20.21999931335449,20.239999771118164,20.18000030517578,20.18099975585937,19.92562866210937,20000,MGOV,,,
2025-03-25 04:00:00+00:00,20.200000762939453,20.239999771118164,20.200000762939453,20.211000442504883,19.95524978637696,27800,MGOV,,,
2025-03-26 04:00:00+00:00,20.18000030517578,20.200000762939453,20.13999938964844,20.15999984741211,19.90489387512207,50500,MGOV,,,
2025-03-27 04:00:00+00:00,20.051000595092773,20.11000061035156,20.049999237060547,20.09499931335449,19.92770195007324,18500,MGOV,,,
2025-03-28 04:00:00+00:00,20.184999465942383,20.270000457763672,20.184999465942383,20.23500061035156,20.06653594970703,10400,MGOV,,,
2025-03-31 04:00:00+00:00,20.290000915527344,20.29599952697754,20.25,20.2549991607666,20.086368560791016,15700,MGOV,,,
2025-04-01 04:00:00+00:00,20.31999969482422,20.36000061035156,20.315000534057617,20.327999114990234,20.15876197814941,66700,MGOV,,,
2025-04-02 04:00:00+00:00,20.38999938964844,20.38999938964844,20.280000686645508,20.29899978637696,20.130002975463867,71800,MGOV,,,
2025-04-03 04:00:00+00:00,20.489999771118164,20.5,20.420000076293945,20.44499969482422,20.27478790283203,17200,MGOV,,,
2025-04-04 04:00:00+00:00,20.56999969482422,20.614999771118164,20.46999931335449,20.479999542236328,20.30949592590332,50500,MGOV,,,
2025-04-07 04:00:00+00:00,20.440000534057617,20.440000534057617,20.218000411987305,20.229999542236328,20.06157684326172,27900,MGOV,,,
2025-04-08 04:00:00+00:00,20.141000747680664,20.209999084472656,20.049999237060547,20.049999237060547,19.883075714111328,11800,MGOV,,,
2025-04-09 04:00:00+00:00,19.90999984741211,20.020000457763672,19.76000022888184,20.0,19.83349227905273,18800,MGOV,,,
2025-04-10 04:00:00+00:00,20.059999465942383,20.059999465942383,19.8700008392334,19.88500022888184,19.71944999694824,5300,MGOV,,,
2025-04-11 04:00:00+00:00,19.761999130249023,19.82999992370605,19.684999465942383,19.82999992370605,19.66490936279297,12600,MGOV,,,
2025-04-14 04:00:00+00:00,19.89999961853028,19.94799995422364,19.84000015258789,19.915000915527344,19.749202728271484,5500,MGOV,,,
2025-04-15 04:00:00+00:00,19.93000030517578,19.981000900268555,19.920000076293945,19.957000732421875,19.79085350036621,7600,MGOV,,,
2025-04-16 04:00:00+00:00,19.989999771118164,20.209999084472656,19.8799991607666,20.108999252319336,19.941585540771484,20300,MGOV,,,
2025-04-17 04:00:00+00:00,20.11000061035156,20.14999961853028,20.020000457763672,20.042999267578125,19.87613296508789,8800,MGOV,,,
2025-04-21 04:00:00+00:00,20.0,20.0,19.90999984741211,19.90999984741211,19.74424171447754,2400,MGOV,,,
2025-04-22 04:00:00+00:00,19.89999961853028,19.93000030517578,19.82999992370605,19.87700080871582,19.794034957885746,6900,MGOV,,,
2025-04-23 04:00:00+00:00,20.06999969482422,20.06999969482422,19.90999984741211,19.915000915527344,19.831876754760746,14100,MGOV,,,
2025-04-24 04:00:00+00:00,19.989999771118164,20.040000915527344,19.979999542236328,20.040000915527344,19.95635414123535,4400,MGOV,,,
2025-04-25 04:00:00+00:00,20.07999992370605,20.1299991607666,20.045000076293945,20.1299991607666,20.045976638793945,4100,MGOV,,,
2025-04-28 04:00:00+00:00,20.09000015258789,20.190000534057617,20.09000015258789,20.165000915527344,20.08083152770996,6300,MGOV,,,
2025-04-29 04:00:00+00:00,20.190000534057617,20.290000915527344,20.190000534057617,20.25,20.16547584533692,8000,MGOV,,,
2025-04-30 04:00:00+00:00,20.21199989318848,20.290000915527344,20.174999237060547,20.25900077819824,20.174440383911133,18500,MGOV,,,
2025-05-01 04:00:00+00:00,20.200000762939453,20.200000762939453,20.059999465942383,20.167999267578125,20.083818435668945,53400,MGOV,,,
2025-05-02 04:00:00+00:00,20.170000076293945,20.170000076293945,19.979999542236328,20.065000534057617,19.98124885559082,16300,MGOV,,,
2025-05-05 04:00:00+00:00,20.049999237060547,20.049999237060547,20.0,20.030000686645508,19.94639587402344,9700,MGOV,,,
2025-05-06 04:00:00+00:00,20.030000686645508,20.06999969482422,19.989999771118164,20.06999969482422,19.98622703552246,6200,MGOV,,,
2025-05-07 04:00:00+00:00,20.1299991607666,20.200000762939453,20.114999771118164,20.1259994506836,20.04199409484864,10200,MGOV,,,
2025-05-08 04:00:00+00:00,20.1299991607666,20.1299991607666,20.01000022888184,20.02499961853028,19.941415786743164,103100,MGOV,,,
2025-05-09 04:00:00+00:00,20.06999969482422,20.125,20.020000457763672,20.030000686645508,19.94639587402344,119300,MGOV,,,
2025-05-12 04:00:00+00:00,19.944000244140625,20.0,19.940000534057617,19.95199966430664,19.86872100830078,34400,MGOV,,,
2025-05-13 04:00:00+00:00,19.959999084472656,19.96999931335449,19.88999938964844,19.895000457763672,19.81195831298828,36800,MGOV,,,
2025-05-14 04:00:00+00:00,19.895000457763672,19.895000457763672,19.799999237060547,19.809999465942383,19.72731208801269,176400,MGOV,,,
2025-05-15 04:00:00+00:00,19.8700008392334,19.950000762939453,19.86000061035156,19.93000030517578,19.846813201904297,63600,MGOV,,,
2025-05-16 04:00:00+00:00,20.020000457763672,20.020000457763672,19.94499969482422,19.96299934387207,19.87967300415039,24100,MGOV,,,
2025-05-19 04:00:00+00:00,19.834999084472656,19.940000534057617,19.834999084472656,19.940000534057617,19.85677146911621,8900,MGOV,,,
2025-05-20 04:00:00+00:00,19.864999771118164,19.920000076293945,19.850000381469727,19.88500022888184,19.802000045776367,257100,MGOV,,,
2025-05-21 04:00:00+00:00,19.739999771118164,19.746999740600582,19.584999084472656,19.584999084472656,19.584999084472656,2600,MGOV,,,
2025-05-22 04:00:00+00:00,19.55500030517578,19.64999961853028,19.55500030517578,19.63999938964844,19.63999938964844,1300,MGOV,,,
2025-05-23 04:00:00+00:00,19.645000457763672,19.676000595092773,19.645000457763672,19.676000595092773,19.676000595092773,800,MGOV,,,
2025-05-27 04:00:00+00:00,19.729999542236328,19.81999969482422,19.729999542236328,19.795000076293945,19.795000076293945,8600,MGOV,,,
2025-05-28 04:00:00+00:00,19.770000457763672,19.770000457763672,19.64999961853028,19.738000869750977,19.738000869750977,27300,MGOV,,,
2025-05-29 04:00:00+00:00,19.76000022888184,19.850000381469727,19.76000022888184,19.81999969482422,19.81999969482422,6500,MGOV,,,
2025-05-30 04:00:00+00:00,19.86000061035156,19.875,19.780000686645508,19.867000579833984,19.867000579833984,9200,MGOV,,,
2025-06-02 04:00:00+00:00,19.84000015258789,19.8799991607666,19.780000686645508,19.79700088500977,19.79700088500977,17000,MGOV,,,
2025-06-03 04:00:00+00:00,19.84499931335449,19.8700008392334,19.76000022888184,19.7810001373291,19.7810001373291,9600,MGOV,,,
2025-06-04 04:00:00+00:00,19.927000045776367,19.940000534057617,19.920000076293945,19.93000030517578,19.93000030517578,4300,MGOV,,,
2025-06-05 04:00:00+00:00,19.940000534057617,19.959999084472656,19.8799991607666,19.88999938964844,19.88999938964844,1600,MGOV,,,
2025-06-06 04:00:00+00:00,19.780000686645508,19.849000930786133,19.729999542236328,19.739999771118164,19.739999771118164,16400,MGOV,,,
2025-06-09 04:00:00+00:00,19.75,19.82999992370605,19.75,19.80500030517578,19.80500030517578,17600,MGOV,,,
2025-06-10 04:00:00+00:00,19.86000061035156,19.8700008392334,19.80500030517578,19.83099937438965,19.83099937438965,7800,MGOV,,,
2025-06-11 04:00:00+00:00,19.8700008392334,19.929000854492188,19.8700008392334,19.92799949645996,19.92799949645996,16200,MGOV,,,
2025-06-12 04:00:00+00:00,20.020000457763672,20.030000686645508,20.0,20.02499961853028,20.02499961853028,3200,MGOV,,,
2025-06-13 04:00:00+00:00,19.98500061035156,19.989999771118164,19.91900062561035,19.94499969482422,19.94499969482422,9800,MGOV,,,
2025-06-16 04:00:00+00:00,19.92099952697754,19.959999084472656,19.8799991607666,19.89999961853028,19.89999961853028,9700,MGOV,,,
2025-06-17 04:00:00+00:00,19.90999984741211,19.979999542236328,19.90999984741211,19.96999931335449,19.96999931335449,4400,MGOV,,,
2025-06-18 04:00:00+00:00,20.01000022888184,20.030000686645508,19.979999542236328,19.979999542236328,19.979999542236328,6973,MGOV,,,
2025-06-20 04:00:00+00:00,19.940000534057617,20.13999938964844,19.940000534057617,20.049999237060547,20.049999237060547,3800,MGOV,,,
2025-06-23 04:00:00+00:00,20.07699966430664,20.09000015258789,20.04400062561035,20.04400062561035,20.04400062561035,1700,MGOV,,,
2025-06-24 04:00:00+00:00,20.07999992370605,20.1200008392334,20.06999969482422,20.1200008392334,20.1200008392334,5100,MGOV,,,
2025-06-25 04:00:00+00:00,20.059999465942383,20.13999938964844,20.059999465942383,20.13999938964844,20.05699920654297,23600,MGOV,,,
2025-06-26 04:00:00+00:00,20.07099914550781,20.121000289916992,20.07099914550781,20.121000289916992,20.121000289916992,4300,MGOV,,,
2025-06-27 04:00:00+00:00,20.06999969482422,20.13999938964844,20.040000915527344,20.06999969482422,20.06999969482422,7000,MGOV,,,
2025-06-30 04:00:00+00:00,20.11000061035156,20.200000762939453,20.100000381469727,20.14999961853028,20.14999961853028,9400,MGOV,,,
2025-07-01 04:00:00+00:00,20.1299991607666,20.190000534057617,20.100000381469727,20.145999908447266,20.145999908447266,37200,MGOV,,,
2025-07-02 04:00:00+00:00,20.059999465942383,20.11000061035156,20.059999465942383,20.07999992370605,20.07999992370605,15500,MGOV,,,
2025-07-03 04:00:00+00:00,20.030000686645508,20.06999969482422,20.020000457763672,20.04700088500977,20.04700088500977,7300,MGOV,,,
2025-07-07 04:00:00+00:00,20.0,20.020000457763672,19.950000762939453,19.96999931335449,19.96999931335449,18500,MGOV,,,
2025-07-08 04:00:00+00:00,19.929000854492188,19.9689998626709,19.929000854492188,19.950000762939453,19.950000762939453,9900,MGOV,,,
2025-07-09 04:00:00+00:00,19.959999084472656,20.05500030517578,19.959999084472656,20.05500030517578,20.05500030517578,9400,MGOV,,,
2025-07-10 04:00:00+00:00,20.049999237060547,20.09000015258789,20.020000457763672,20.049999237060547,20.049999237060547,4800,MGOV,,,
2025-07-11 04:00:00+00:00,19.979999542236328,20.020000457763672,19.780000686645508,19.93000030517578,19.93000030517578,38200,MGOV,,,
2025-07-14 04:00:00+00:00,19.982999801635746,19.989999771118164,19.93000030517578,19.950000762939453,19.86753845214844,10200,MGOV,,,
2025-07-15 04:00:00+00:00,19.979999542236328,19.979999542236328,19.8700008392334,19.8799991607666,19.797826766967773,3700,MGOV,,,
2025-07-16 04:00:00+00:00,19.920000076293945,19.999000549316406,19.88500022888184,19.98500061035156,19.902393341064453,100800,MGOV,,,
2025-07-17 04:00:00+00:00,20.020000457763672,20.02499961853028,19.989999771118164,20.01000022888184,19.927289962768555,4700,MGOV,,,
2025-07-18 04:00:00+00:00,20.020000457763672,20.040000915527344,19.959999084472656,19.989999771118164,19.907371520996094,77300,MGOV,,,
2025-07-21 04:00:00+00:00,20.100000381469727,20.1200008392334,20.07999992370605,20.07999992370605,19.996999740600582,12200,MGOV,,,
2025-07-22 04:00:00+00:00,20.0,20.06999969482422,20.0,20.058000564575195,20.058000564575195,5400,MGOV,,,
2025-07-23 04:00:00+00:00,20.0,20.00900077819824,19.979999542236328,19.98500061035156,19.98500061035156,1700,MGOV,,,
2025-07-24 04:00:00+00:00,19.959999084472656,19.979999542236328,19.959999084472656,19.959999084472656,19.959999084472656,3200,MGOV,,,
2025-07-25 04:00:00+00:00,19.989999771118164,20.030000686645508,19.950000762939453,19.950000762939453,19.950000762939453,18000,MGOV,,,
2025-07-28 04:00:00+00:00,19.989999771118164,20.030000686645508,19.940000534057617,19.979999542236328,19.979999542236328,12400,MGOV,,,
2025-07-29 04:00:00+00:00,20.030000686645508,20.1200008392334,20.030000686645508,20.09000015258789,20.09000015258789,11000,MGOV,,,
2025-07-30 04:00:00+00:00,20.040000915527344,20.09000015258789,19.96999931335449,20.030000686645508,20.030000686645508,17700,MGOV,,,
2025-07-31 04:00:00+00:00,20.059999465942383,20.07999992370605,20.030000686645508,20.030000686645508,20.030000686645508,6400,MGOV,,,
2025-08-01 04:00:00+00:00,20.200000762939453,20.229999542236328,20.18000030517578,20.22100067138672,20.22100067138672,7200,MGOV,,,
2025-08-04 04:00:00+00:00,20.225000381469727,20.25,20.2189998626709,20.239999771118164,20.239999771118164,10300,MGOV,,,
2025-08-05 04:00:00+00:00,20.239999771118164,20.26300048828125,20.239999771118164,20.26000022888184,20.26000022888184,5000,MGOV,,,
2025-08-06 04:00:00+00:00,20.23600006103516,20.25,20.18000030517578,20.24399948120117,20.24399948120117,15000,MGOV,,,
2025-08-07 04:00:00+00:00,20.26000022888184,20.26000022888184,20.229999542236328,20.229999542236328,20.229999542236328,2800,MGOV,,,
2025-08-08 04:00:00+00:00,20.18000030517578,20.209999084472656,20.18000030517578,20.190000534057617,20.190000534057617,3000,MGOV,,,
2025-08-11 04:00:00+00:00,20.21999931335449,20.270000457763672,20.190000534057617,20.209999084472656,20.209999084472656,15500,MGOV,,,
2025-08-12 04:00:00+00:00,20.18000030517578,20.198999404907227,20.170000076293945,20.190000534057617,20.190000534057617,7900,MGOV,,,
2025-08-13 04:00:00+00:00,20.270000457763672,20.34000015258789,20.26499938964844,20.270000457763672,20.270000457763672,5700,MGOV,,,
2025-08-14 04:00:00+00:00,20.25,20.290000915527344,20.20499992370605,20.20499992370605,20.20499992370605,1400,MGOV,,,
2025-08-15 04:00:00+00:00,20.200000762939453,20.239999771118164,20.14999961853028,20.15999984741211,20.15999984741211,9500,MGOV,,,
2025-08-18 04:00:00+00:00,20.15999984741211,20.18000030517578,20.121000289916992,20.15999984741211,20.15999984741211,31100,MGOV,,,
2025-08-19 04:00:00+00:00,20.239999771118164,20.239999771118164,20.170000076293945,20.20499992370605,20.20499992370605,1800,MGOV,,,
2025-08-20 04:00:00+00:00,20.20199966430664,20.26000022888184,20.200000762939453,20.21999931335449,19.80866241455078,22300,MGOV,,,
2025-08-21 04:00:00+00:00,20.1200008392334,20.170000076293945,20.06999969482422,20.104999542236328,19.777183532714844,33000,MGOV,,,
2025-08-22 04:00:00+00:00,20.15999984741211,20.21999931335449,20.15999984741211,20.21500015258789,19.88538932800293,2700,MGOV,,,
2025-08-25 04:00:00+00:00,20.190000534057617,20.2549991607666,20.170000076293945,20.211000442504883,19.88145637512207,23600,MGOV,,,
2025-08-26 04:00:00+00:00,20.18000030517578,20.31999969482422,20.15999984741211,20.290000915527344,19.95916748046875,15000,MGOV,,,
2025-08-27 04:00:00+00:00,20.209999084472656,20.290000915527344,20.198999404907227,20.2549991607666,19.92473793029785,5200,MGOV,,,
2025-08-28 04:00:00+00:00,20.26000022888184,20.309999465942383,20.2450008392334,20.309999465942383,19.97884178161621,5500,MGOV,,,
2025-08-29 04:00:00+00:00,20.25900077819824,20.39999961853028,20.256999969482425,20.290000915527344,19.95916748046875,188300,MGOV,,,
2025-09-02 04:00:00+00:00,20.21999931335449,20.229999542236328,20.19599914550781,20.229999542236328,19.900144577026367,17800,MGOV,,,
2025-09-03 04:00:00+00:00,20.229999542236328,20.31399917602539,20.209999084472656,20.309999465942383,19.97884178161621,308200,MGOV,,,
2025-09-04 04:00:00+00:00,20.31999969482422,20.3799991607666,20.312000274658203,20.3799991607666,20.04769897460937,11500,MGOV,,,
2025-09-05 04:00:00+00:00,20.46999931335449,20.53899955749512,20.43000030517578,20.479999542236328,20.14607048034668,23900,MGOV,,,
2025-09-08 04:00:00+00:00,20.549999237060547,20.57999992370605,20.5310001373291,20.57999992370605,20.24443817138672,19400,MGOV,,,
2025-09-09 04:00:00+00:00,20.530000686645508,20.55500030517578,20.51499938964844,20.51499938964844,20.180496215820312,3000,MGOV,,,
2025-09-10 04:00:00+00:00,20.559999465942383,20.6200008392334,20.545000076293945,20.565000534057617,20.22968292236328,9600,MGOV,,,
2025-09-11 04:00:00+00:00,20.61000061035156,20.6200008392334,20.590999603271484,20.604999542236328,20.26902961730957,4200,MGOV,,,
2025-09-12 04:00:00+00:00,20.540000915527344,20.57099914550781,20.5,20.57099914550781,20.23558616638184,14600,MGOV,,,
2025-09-15 04:00:00+00:00,20.61000061035156,20.6299991607666,20.59600067138672,20.6200008392334,20.28378868103028,8900,MGOV,,,
2025-09-16 04:00:00+00:00,20.63999938964844,20.690000534057617,20.6200008392334,20.63999938964844,20.30345916748047,18800,MGOV,,,
2025-09-17 04:00:00+00:00,20.670000076293945,20.729999542236328,20.61000061035156,20.614999771118164,20.278865814208984,19300,MGOV,,,
2025-09-18 04:00:00+00:00,20.51000022888184,20.559999465942383,20.51000022888184,20.52499961853028,20.190332412719727,6500,MGOV,,,
2025-09-19 04:00:00+00:00,20.530000686645508,20.549999237060547,20.5009994506836,20.54700088500977,20.21197891235352,18700,MGOV,,,
2025-09-22 04:00:00+00:00,20.520000457763672,20.540000915527344,20.507999420166016,20.520000457763672,20.18541717529297,49700,MGOV,,,
2025-09-23 04:00:00+00:00,20.51000022888184,20.55500030517578,20.46999931335449,20.55500030517578,20.219846725463867,81200,MGOV,,,
2025-09-24 04:00:00+00:00,20.520000457763672,20.541000366210938,20.520000457763672,20.53499984741211,20.200172424316406,13000,MGOV,,,
2025-09-25 04:00:00+00:00,20.420000076293945,20.43000030517578,20.381000518798828,20.420000076293945,20.16856575012207,7600,MGOV,,,
2025-09-26 04:00:00+00:00,20.415000915527344,20.46999931335449,20.39999961853028,20.40999984741211,20.15868759155273,15100,MGOV,,,
2025-09-29 04:00:00+00:00,20.450000762939453,20.530000686645508,20.450000762939453,20.48900032043457,20.23671531677246,204100,MGOV,,,
2025-09-30 04:00:00+00:00,20.489999771118164,20.51000022888184,20.46999931335449,20.46999931335449,20.21794891357422,8500,MGOV,,,
2025-10-01 04:00:00+00:00,20.56999969482422,20.56999969482422,20.299999237060547,20.459999084472656,20.20807266235352,1160600,MGOV,,,
2025-10-02 04:00:00+00:00,20.489999771118164,20.540000915527344,20.474000930786133,20.530000686645508,20.277212142944336,36500,MGOV,,,
2025-10-03 04:00:00+00:00,20.520000457763672,20.549999237060547,20.51000022888184,20.51499938964844,20.26239585876465,9100,MGOV,,,
2025-10-06 04:00:00+00:00,20.46999931335449,20.479999542236328,20.440000534057617,20.459999084472656,20.20807266235352,15300,MGOV,,,
2025-10-07 04:00:00+00:00,20.459999084472656,20.51000022888184,20.458999633789062,20.489999771118164,20.23770332336425,19800,MGOV,,,
2025-10-08 04:00:00+00:00,20.520000457763672,20.549999237060547,20.5,20.53499984741211,20.282150268554688,17400,MGOV,,,
2025-10-09 04:00:00+00:00,20.51000022888184,20.549999237060547,20.49799919128418,20.5009994506836,20.24856758117676,13800,MGOV,,,
2025-10-10 04:00:00+00:00,20.57999992370605,20.61000061035156,20.559999465942383,20.61000061035156,20.356225967407227,4500,MGOV,,,
2025-10-13 04:00:00+00:00,20.57999992370605,20.63999938964844,20.57900047302246,20.61800003051757,20.36412811279297,10100,MGOV,,,
2025-10-14 04:00:00+00:00,20.63500022888184,20.690000534057617,20.59000015258789,20.674999237060547,20.420425415039062,10300,MGOV,,,
2025-10-15 04:00:00+00:00,20.67099952697754,20.690000534057617,20.65999984741211,20.674999237060547,20.420425415039062,10700,MGOV,,,
2025-10-16 04:00:00+00:00,20.64299964904785,20.76000022888184,20.64299964904785,20.76000022888184,20.50438117980957,46700,MGOV,,,
2025-10-17 04:00:00+00:00,20.71999931335449,20.729999542236328,20.700000762939453,20.71500015258789,20.45993423461914,7700,MGOV,,,
2025-10-20 04:00:00+00:00,20.729999542236328,20.75900077819824,20.71999931335449,20.73900032043457,20.4836368560791,8700,MGOV,,,
2025-10-21 04:00:00+00:00,20.690000534057617,20.700000762939453,20.68000030517578,20.684999465942383,20.514381408691406,4700,MGOV,,,
2025-10-22 04:00:00+00:00,20.670000076293945,20.68000030517578,20.64999961853028,20.67399978637696,20.50347328186035,9900,MGOV,,,
2025-10-23 04:00:00+00:00,20.64999961853028,20.64999961853028,20.600000381469727,20.6299991607666,20.459835052490234,21200,MGOV,,,
2025-10-24 04:00:00+00:00,20.64999961853028,20.64999961853028,20.61000061035156,20.6200008392334,20.44991874694824,14800,MGOV,,,
2025-10-27 04:00:00+00:00,20.64200019836425,20.690000534057617,20.63999938964844,20.690000534057617,20.51934051513672,7100,MGOV,,,
2025-10-28 04:00:00+00:00,20.68000030517578,20.72900009155273,20.68000030517578,20.700000762939453,20.52925682067871,11200,MGOV,,,
2025-10-29 04:00:00+00:00,20.670000076293945,20.709999084472656,20.57999992370605,20.584999084472656,20.41520500183105,12100,MGOV,,,
2025-10-30 04:00:00+00:00,20.489999771118164,20.71999931335449,20.489999771118164,20.670000076293945,20.49950408935547,18600,MGOV,,,
2025-10-31 04:00:00+00:00,20.540000915527344,20.57999992370605,20.5,20.56999969482422,20.40032958984375,15700,MGOV,,,
2025-11-03 05:00:00+00:00,20.530000686645508,20.559999465942383,20.51000022888184,20.559999465942383,20.39041328430176,425300,MGOV,,,
2025-11-04 05:00:00+00:00,20.540000915527344,20.59000015258789,20.5,20.542999267578125,20.37355232238769,20100,MGOV,,,
2025-11-05 05:00:00+00:00,20.5,20.520000457763672,20.457000732421875,20.5,20.33090591430664,14300,MGOV,,,
2025-11-06 05:00:00+00:00,20.56999969482422,20.6200008392334,20.549999237060547,20.61000061035156,20.440000534057617,68600,MGOV,,,
2025-11-07 05:00:00+00:00,20.549999237060547,20.6200008392334,20.540000915527344,20.584999084472656,20.41520500183105,167100,MGOV,,,
2025-11-10 05:00:00+00:00,20.559999465942383,20.6200008392334,20.559999465942383,20.607999801635746,20.43801689147949,73100,MGOV,,,
2025-11-11 05:00:00+00:00,20.600000381469727,20.63999938964844,20.600000381469727,20.63400077819824,20.463802337646484,40000,MGOV,,,
2025-11-12 05:00:00+00:00,20.6299991607666,20.674999237060547,20.6200008392334,20.63500022888184,20.464794158935547,46000,MGOV,,,
2025-11-13 05:00:00+00:00,20.59000015258789,20.600000381469727,20.559999465942383,20.559999465942383,20.39041328430176,8500,MGOV,,,
2025-11-14 05:00:00+00:00,20.559999465942383,20.56399917602539,20.520000457763672,20.520000457763672,20.35074234008789,15700,MGOV,,,
2025-11-17 05:00:00+00:00,20.530000686645508,20.559999465942383,20.51000022888184,20.559999465942383,20.39041328430176,10600,MGOV,,,
2025-11-18 05:00:00+00:00,20.56999969482422,20.57999992370605,20.540000915527344,20.56999969482422,20.40032958984375,10100,MGOV,,,
2025-11-19 05:00:00+00:00,20.56999969482422,20.59000015258789,20.540000915527344,20.55500030517578,20.385454177856445,7700,MGOV,,,
2025-11-20 05:00:00+00:00,20.56999969482422,20.599000930786133,20.559999465942383,20.584999084472656,20.41520500183105,10200,MGOV,,,
2025-11-21 05:00:00+00:00,20.530000686645508,20.549999237060547,20.530000686645508,20.549999237060547,20.46499824523925,8200,MGOV,,,
2025-11-24 05:00:00+00:00,20.57999992370605,20.61000061035156,20.566999435424805,20.60700035095215,20.521764755249023,12200,MGOV,,,
2025-11-25 05:00:00+00:00,20.6200008392334,20.68000030517578,20.6200008392334,20.632999420166016,20.54765510559082,156100,MGOV,,,
2025-11-26 05:00:00+00:00,20.6200008392334,20.68000030517578,20.61000061035156,20.68000030517578,20.59446144104004,8900,MGOV,,,
2025-11-28 05:00:00+00:00,20.63999938964844,20.63999938964844,20.625,20.62800025939941,20.54267692565918,2000,MGOV,,,
2025-12-01 05:00:00+00:00,20.52199935913086,20.57999992370605,20.520000457763672,20.540000915527344,20.455041885375977,8800,MGOV,,,
2025-12-02 05:00:00+00:00,20.520000457763672,20.575000762939453,20.51000022888184,20.559999465942383,20.474958419799805,12100,MGOV,,,
2025-12-03 05:00:00+00:00,20.690000534057617,20.690000534057617,20.540000915527344,20.600000381469727,20.514793395996094,21100,MGOV,,,
2025-12-04 05:00:00+00:00,20.540000915527344,20.63999938964844,20.530000686645508,20.56999969482422,20.48491668701172,9900,MGOV,,,
2025-12-05 05:00:00+00:00,20.530000686645508,20.549999237060547,20.48900032043457,20.520000457763672,20.43512344360352,14200,MGOV,,,
2025-12-08 05:00:00+00:00,20.549999237060547,20.549999237060547,20.45499992370605,20.479999542236328,20.395288467407227,5300,MGOV,,,
2025-12-09 05:00:00+00:00,20.559999465942383,20.559999465942383,20.46999931335449,20.479999542236328,20.395288467407227,15600,MGOV,,,
2025-12-10 05:00:00+00:00,20.51000022888184,20.600000381469727,20.46999931335449,20.54199981689453,20.45703315734864,18800,MGOV,,,
2025-12-11 05:00:00+00:00,20.559999465942383,20.600000381469727,20.549999237060547,20.549999237060547,20.46499824523925,25100,MGOV,,,
2025-12-12 05:00:00+00:00,20.3799991607666,20.40999984741211,20.36000061035156,20.381000518798828,20.381000518798828,9700,MGOV,,,
2025-12-15 05:00:00+00:00,20.43000030517578,20.489999771118164,20.40999984741211,20.415000915527344,20.415000915527344,10800,MGOV,,,
2025-12-16 05:00:00+00:00,20.40999984741211,20.50200080871582,20.40999984741211,20.479999542236328,20.479999542236328,19600,MGOV,,,
2025-12-17 05:00:00+00:00,20.450000762939453,20.56999969482422,20.43000030517578,20.459999084472656,20.459999084472656,24400,MGOV,,,
2025-12-18 05:00:00+00:00,20.5,20.540000915527344,20.479999542236328,20.51499938964844,20.51499938964844,16600,MGOV,,,
2025-12-19 05:00:00+00:00,20.51000022888184,20.520000457763672,20.440000534057617,20.46999931335449,20.46999931335449,23000,MGOV,,,
2025-12-22 05:00:00+00:00,20.530000686645508,20.530000686645508,20.437000274658203,20.437000274658203,20.437000274658203,27300,MGOV,,,
2025-12-23 05:00:00+00:00,20.39999961853028,20.441999435424805,20.38999938964844,20.441999435424805,20.441999435424805,9700,MGOV,,,
2025-12-24 05:00:00+00:00,20.46999931335449,20.520000457763672,20.464000701904297,20.51000022888184,20.51000022888184,19600,MGOV,,,
2025-12-26 05:00:00+00:00,20.520000457763672,20.549999237060547,20.5,20.51799964904785,20.51799964904785,12100,MGOV,,,
2025-12-29 05:00:00+00:00,20.520000457763672,20.540000915527344,20.51000022888184,20.52499961853028,20.52499961853028,2600,MGOV,,,
2025-12-30 05:00:00+00:00,20.5,20.540000915527344,20.489999771118164,20.530000686645508,20.530000686645508,17800,MGOV,,,
2025-12-31 05:00:00+00:00,20.5,20.530000686645508,20.46999931335449,20.475000381469727,20.475000381469727,8200,MGOV,,,
2026-01-02 05:00:00+00:00,20.46999931335449,20.46999931335449,20.420000076293945,20.44499969482422,20.44499969482422,5300,MGOV,,,
2026-01-05 05:00:00+00:00,20.46999931335449,20.5,20.459999084472656,20.479999542236328,20.479999542236328,15100,MGOV,,,
2026-01-06 05:00:00+00:00,20.459999084472656,20.5,20.44499969482422,20.46500015258789,20.46500015258789,34100,MGOV,,,
2026-01-07 05:00:00+00:00,20.57999992370605,20.57999992370605,20.49300003051757,20.520000457763672,20.520000457763672,37100,MGOV,,,
2026-01-08 05:00:00+00:00,20.489999771118164,20.52499961853028,20.47100067138672,20.4950008392334,20.4950008392334,17400,MGOV,,,
2026-01-09 05:00:00+00:00,20.51000022888184,20.569000244140625,20.50200080871582,20.535999298095703,20.535999298095703,298600,MGOV,,,
2026-01-12 05:00:00+00:00,20.542999267578125,20.6299991607666,20.542999267578125,20.559999465942383,20.559999465942383,26300,MGOV,,,
2026-01-13 05:00:00+00:00,20.559999465942383,20.56999969482422,20.520000457763672,20.54599952697754,20.54599952697754,12100,MGOV,,,
2026-01-14 05:00:00+00:00,20.60400009155273,20.63999938964844,20.600000381469727,20.6200008392334,20.6200008392334,24000,MGOV,,,
2026-01-15 05:00:00+00:00,20.63999938964844,20.63999938964844,20.600000381469727,20.600000381469727,20.600000381469727,13700,MGOV,,,
2026-01-16 05:00:00+00:00,20.61000061035156,20.61000061035156,20.530000686645508,20.549999237060547,20.549999237060547,127800,MGOV,,,
2026-01-20 05:00:00+00:00,20.459999084472656,20.530000686645508,20.45400047302246,20.46500015258789,20.46500015258789,25900,MGOV,,,
2026-01-21 05:00:00+00:00,20.39299964904785,20.43099975585937,20.38599967956543,20.43000030517578,20.34643173217773,19600,MGOV,,,
2026-01-22 05:00:00+00:00,20.40999984741211,20.459999084472656,20.3799991607666,20.450000762939453,20.366350173950195,15000,MGOV,,,
2026-01-23 05:00:00+00:00,20.459999084472656,20.489999771118164,20.450000762939453,20.475000381469727,20.391246795654297,25800,MGOV,,,
2026-01-26 05:00:00+00:00,20.489999771118164,20.540000915527344,20.459999084472656,20.51000022888184,20.426103591918945,58500,MGOV,,,
2026-01-27 05:00:00+00:00,20.51000022888184,20.540000915527344,20.489999771118164,20.4950008392334,20.41116714477539,15300,MGOV,,,
2026-01-28 05:00:00+00:00,20.4689998626709,20.5,20.459999084472656,20.5,20.41614532470703,12000,MGOV,,,
2026-01-29 05:00:00+00:00,20.51000022888184,20.530000686645508,20.5049991607666,20.520000457763672,20.43606376647949,6500,MGOV,,,
2026-01-30 05:00:00+00:00,20.520000457763672,20.520000457763672,20.479999542236328,20.5,20.41614532470703,10100,MGOV,,,
2026-02-02 05:00:00+00:00,20.479999542236328,20.530000686645508,20.450000762939453,20.459999084472656,20.37630844116211,15400,MGOV,,,
2026-02-03 05:00:00+00:00,20.40999984741211,20.540000915527344,20.40999984741211,20.450000762939453,20.366350173950195,110100,MGOV,,,
2026-02-04 05:00:00+00:00,20.440000534057617,20.5,20.43099975585937,20.450000762939453,20.366350173950195,26100,MGOV,,,
2026-02-05 05:00:00+00:00,20.479999542236328,20.530000686645508,20.479999542236328,20.530000686645508,20.446022033691406,19800,MGOV,,,
2026-02-06 05:00:00+00:00,20.549999237060547,20.559999465942383,20.530000686645508,20.559999465942383,20.47589874267578,20300,MGOV,,,
2026-02-09 05:00:00+00:00,20.530000686645508,20.56999969482422,20.530000686645508,20.55500030517578,20.47092056274414,25100,MGOV,,,
2026-02-10 05:00:00+00:00,20.71999931335449,20.71999931335449,20.6200008392334,20.64900016784668,20.56453514099121,25300,MGOV,,,
2026-02-11 05:00:00+00:00,20.58099937438965,20.6299991607666,20.58099937438965,20.6299991607666,20.54561233520508,17400,MGOV,,,
2026-02-12 05:00:00+00:00,20.628999710083008,20.795000076293945,20.6200008392334,20.76499938964844,20.68006134033203,30100,MGOV,,,
2026-02-13 05:00:00+00:00,20.770000457763672,20.790000915527344,20.75,20.780000686645508,20.69499969482422,19400,MGOV,,,
2026-02-17 05:00:00+00:00,20.790000915527344,20.84000015258789,20.780000686645508,20.791000366210938,20.705955505371094,24200,MGOV,,,
2026-02-18 05:00:00+00:00,20.75,20.81999969482422,20.75,20.780000686645508,20.69499969482422,27200,MGOV,,,
2026-02-19 05:00:00+00:00,20.729999542236328,20.780000686645508,20.729999542236328,20.780000686645508,20.69499969482422,24500,MGOV,,,
2026-02-20 05:00:00+00:00,20.679000854492188,20.71999931335449,20.64999961853028,20.68000030517578,20.68000030517578,27700,MGOV,,,
2026-02-23 05:00:00+00:00,20.709999084472656,20.739999771118164,20.69099998474121,20.73500061035156,20.73500061035156,7800,MGOV,,,
2026-02-24 05:00:00+00:00,20.75,20.790000915527344,20.739999771118164,20.739999771118164,20.739999771118164,55600,MGOV,,,
2026-02-25 05:00:00+00:00,20.75,20.799999237060547,20.71999931335449,20.799999237060547,20.799999237060547,18100,MGOV,,,
2026-02-26 05:00:00+00:00,20.71999931335449,20.780000686645508,20.71999931335449,20.75,20.75,60800,MGOV,,,
2026-02-27 05:00:00+00:00,20.81999969482422,20.950000762939453,20.81999969482422,20.84000015258789,20.84000015258789,131300,MGOV,,,
2026-03-02 05:00:00+00:00,20.76000022888184,20.76000022888184,20.690000534057617,20.739999771118164,20.739999771118164,116300,MGOV,,,
2026-03-03 05:00:00+00:00,20.68000030517578,20.75,20.63599967956543,20.709999084472656,20.709999084472656,123000,MGOV,,,
2026-03-04 05:00:00+00:00,20.68000030517578,20.71999931335449,20.670000076293945,20.68000030517578,20.68000030517578,225800,MGOV,,,
2026-03-05 05:00:00+00:00,20.670000076293945,20.690000534057617,20.600000381469727,20.64999961853028,20.64999961853028,197900,MGOV,,,
2026-03-06 05:00:00+00:00,20.6299991607666,20.679000854492188,20.549999237060547,20.61000061035156,20.61000061035156,102900,MGOV,,,
2026-03-09 04:00:00+00:00,20.600000381469727,20.670000076293945,20.56999969482422,20.670000076293945,20.670000076293945,28200,MGOV,,,
2026-03-10 04:00:00+00:00,20.64999961853028,20.670000076293945,20.61000061035156,20.6200008392334,20.6200008392334,64900,MGOV,0.0,0.0,0.0
2026-03-11 04:00:00+00:00,20.489999771118164,20.540000915527344,20.489999771118164,20.51499938964844,20.51499938964844,39700,MGOV,0.0,0.0,0.0
2026-03-12 04:00:00+00:00,20.459999084472656,20.479999542236328,20.440000534057617,20.450000762939453,20.36456298828125,17000,MGOV,0.0,0.0,0.0
2026-03-13 04:00:00+00:00,20.440000534057617,20.459999084472656,20.3799991607666,20.40999984741211,20.32472801208496,6600,MGOV,0.0,0.0,0.0
2026-03-16 04:00:00+00:00,20.479999542236328,20.51000022888184,20.475000381469727,20.5049991607666,20.419330596923828,11300,MGOV,0.0,0.0,0.0
2026-03-17 04:00:00+00:00,20.56999969482422,20.56999969482422,20.520000457763672,20.530000686645508,20.44422721862793,31100,MGOV,0.0,0.0,0.0
2026-03-18 04:00:00+00:00,20.530000686645508,20.530000686645508,20.475000381469727,20.475000381469727,20.38945770263672,16200,MGOV,0.0,0.0,0.0
2026-03-19 04:00:00+00:00,20.46999931335449,20.489999771118164,20.39999961853028,20.48500061035156,20.39941596984864,15000,MGOV,0.0,0.0,0.0
2026-03-20 04:00:00+00:00,20.350000381469727,20.350000381469727,20.270000457763672,20.28199958801269,20.197263717651367,18800,MGOV,0.0,0.0,0.0
2026-03-23 04:00:00+00:00,20.309999465942383,20.3799991607666,20.280000686645508,20.354999542236328,20.26995849609375,42600,MGOV,0.0,0.0,0.0
2026-03-24 04:00:00+00:00,20.26000022888184,20.32999992370605,20.13999938964844,20.26499938964844,20.180334091186523,119400,MGOV,0.0,0.0,0.0
2026-03-25 04:00:00+00:00,20.34000015258789,20.350000381469727,20.26000022888184,20.34499931335449,20.26000022888184,10200,MGOV,0.0,0.0,0.0
2026-03-26 04:00:00+00:00,20.200000762939453,20.21500015258789,20.1299991607666,20.1299991607666,20.1299991607666,13300,MGOV,0.085,0.0,0.0
2026-03-27 04:00:00+00:00,20.059999465942383,20.13999938964844,20.059999465942383,20.124000549316406,20.124000549316406,4800,MGOV,0.0,0.0,0.0
2026-03-30 04:00:00+00:00,20.23500061035156,20.25,20.11000061035156,20.21500015258789,20.21500015258789,234900,MGOV,0.0,0.0,0.0
2026-03-31 04:00:00+00:00,20.280000686645508,20.309999465942383,20.11000061035156,20.277000427246094,20.277000427246094,39300,MGOV,0.0,0.0,0.0
2026-04-01 04:00:00+00:00,20.2450008392334,20.309999465942383,20.2450008392334,20.263999938964844,20.263999938964844,8900,MGOV,0.0,0.0,0.0
2026-04-02 04:00:00+00:00,20.25,20.32999992370605,20.25,20.299999237060547,20.299999237060547,51900,MGOV,0.0,0.0,0.0
2026-04-06 04:00:00+00:00,20.239999771118164,20.270000457763672,20.239999771118164,20.26000022888184,20.26000022888184,12800,MGOV,0.0,0.0,0.0
2026-04-07 04:00:00+00:00,20.239999771118164,20.30900001525879,20.22900009155273,20.28400039672852,20.28400039672852,20300,MGOV,0.0,0.0,0.0
2026-04-08 04:00:00+00:00,20.364999771118164,20.3799991607666,20.350000381469727,20.36000061035156,20.36000061035156,27200,MGOV,0.0,0.0,0.0
2026-04-09 04:00:00+00:00,20.31999969482422,20.38999938964844,20.31999969482422,20.364999771118164,20.364999771118164,43700,MGOV,0.0,0.0,0.0
2026-04-10 04:00:00+00:00,20.34000015258789,20.350000381469727,20.32999992370605,20.334999084472656,20.334999084472656,2500,MGOV,0.0,0.0,0.0
2026-04-13 04:00:00+00:00,20.309999465942383,20.36000061035156,20.299999237060547,20.309999465942383,20.309999465942383,30200,MGOV,0.0,0.0,0.0
2026-04-14 04:00:00+00:00,20.36000061035156,20.43000030517578,20.36000061035156,20.40999984741211,20.40999984741211,10900,MGOV,0.0,0.0,0.0
2026-04-15 04:00:00+00:00,20.38999938964844,20.46999931335449,20.38999938964844,20.43000030517578,20.43000030517578,8000,MGOV,0.0,0.0,0.0
2026-04-16 00:00:00+00:00,20.420000076293945,20.43000030517578,20.350000381469727,20.38500022888184,20.305294036865234,20100,MGOV,0.0,0.0,0.0
2026-04-17 00:00:00+00:00,20.46999931335449,20.51000022888184,20.459999084472656,20.475000381469727,20.39494132995605,17600,MGOV,0.0,0.0,0.0
2026-04-20 00:00:00+00:00,20.46999931335449,20.489999771118164,20.45499992370605,20.459999084472656,20.3799991607666,26600,MGOV,0.0,0.0,0.0
2026-04-21 00:00:00+00:00,20.347999572753906,20.360000610351562,20.309999465942383,20.309999465942383,20.309999465942383,11000,MGOV,0.08,0.0,0.0
2026-04-22 00:00:00+00:00,20.360000610351562,20.389999389648438,20.31999969482422,20.344999313354492,20.344999313354492,14100,MGOV,0.0,0.0,0.0
2026-04-23 00:00:00+00:00,20.350000381469727,20.3799991607666,20.299999237060547,20.329999923706055,20.329999923706055,27000,MGOV,0.0,0.0,0.0
2026-04-24 00:00:00+00:00,20.290000915527344,20.3799991607666,20.280000686645508,20.34000015258789,20.34000015258789,17000,MGOV,0.0,0.0,0.0
