date,Open,High,Low,Close,Adj Close,Volume,symbol,Dividends,Stock Splits,Capital Gains
2024-12-30 05:00:00+00:00,43.77000045776367,43.81700134277344,43.31999969482422,43.59999847412109,43.36345672607422,124500,OUSM,,,
2024-12-31 05:00:00+00:00,43.86000061035156,44.0,43.63600158691406,43.720001220703125,43.48280334472656,107600,OUSM,,,
2025-01-02 05:00:00+00:00,44.02999877929688,44.02999877929688,43.32500076293945,43.43999862670898,43.204322814941406,212500,OUSM,,,
2025-01-03 05:00:00+00:00,43.61000061035156,43.88999938964844,43.310001373291016,43.84000015258789,43.60215377807617,84800,OUSM,,,
2025-01-06 05:00:00+00:00,44.13999938964844,44.18000030517578,43.54100036621094,43.619998931884766,43.38334655761719,66700,OUSM,,,
2025-01-07 05:00:00+00:00,43.7400016784668,43.75,43.16999816894531,43.38999938964844,43.15459442138672,120400,OUSM,,,
2025-01-08 05:00:00+00:00,43.31999969482422,43.47999954223633,42.935001373291016,43.47999954223633,43.24410629272461,92700,OUSM,,,
2025-01-10 05:00:00+00:00,43.060001373291016,43.060001373291016,42.58000183105469,42.75,42.51806640625,76500,OUSM,,,
2025-01-13 05:00:00+00:00,42.5,43.130001068115234,42.5,43.130001068115234,42.8960075378418,99200,OUSM,,,
2025-01-14 05:00:00+00:00,43.36000061035156,43.59999847412109,43.20199966430664,43.59999847412109,43.36345672607422,70400,OUSM,,,
2025-01-15 05:00:00+00:00,44.34000015258789,44.34000015258789,43.810001373291016,44.02000045776367,43.78117370605469,168400,OUSM,,,
2025-01-16 05:00:00+00:00,44.04999923706055,44.38999938964844,43.90999984741211,44.31999969482422,44.07954788208008,66900,OUSM,,,
2025-01-17 05:00:00+00:00,44.59999847412109,44.59999847412109,44.290000915527344,44.41999816894531,44.17900848388672,74300,OUSM,,,
2025-01-21 05:00:00+00:00,44.7599983215332,45.01900100708008,44.63999938964844,44.97999954223633,44.73596954345703,70500,OUSM,,,
2025-01-22 05:00:00+00:00,44.92499923706055,44.92900085449219,44.494998931884766,44.58000183105469,44.33814239501953,85600,OUSM,,,
2025-01-23 05:00:00+00:00,44.470001220703125,44.619998931884766,44.20000076293945,44.59000015258789,44.37794494628906,128700,OUSM,,,
2025-01-24 05:00:00+00:00,44.47999954223633,44.52999877929688,44.33000183105469,44.5,44.28837966918945,52300,OUSM,,,
2025-01-27 05:00:00+00:00,44.29999923706055,44.87900161743164,44.29999923706055,44.77000045776367,44.557090759277344,159000,OUSM,,,
2025-01-28 05:00:00+00:00,44.75,44.84999847412109,44.52199935913086,44.66999816894531,44.45756912231445,134000,OUSM,,,
2025-01-29 05:00:00+00:00,44.66999816894531,44.709999084472656,44.20000076293945,44.38999938964844,44.178897857666016,66200,OUSM,,,
2025-01-30 05:00:00+00:00,44.560001373291016,44.970001220703125,44.50199890136719,44.77000045776367,44.557090759277344,113400,OUSM,,,
2025-01-31 05:00:00+00:00,44.77000045776367,44.77999877929688,44.244998931884766,44.380001068115234,44.16894912719727,111800,OUSM,,,
2025-02-03 05:00:00+00:00,43.630001068115234,44.11100006103516,43.2400016784668,43.91999816894531,43.71113204956055,220300,OUSM,,,
2025-02-04 05:00:00+00:00,43.97999954223633,44.06399917602539,43.77999877929688,43.93999862670898,43.73103713989258,101400,OUSM,,,
2025-02-05 05:00:00+00:00,43.970001220703125,44.07099914550781,43.64500045776367,44.060001373291016,43.850467681884766,72800,OUSM,,,
2025-02-06 05:00:00+00:00,44.34000015258789,44.44499969482422,43.88999938964844,44.11000061035156,43.90023040771485,69100,OUSM,,,
2025-02-07 05:00:00+00:00,44.2400016784668,44.2400016784668,43.84999847412109,43.900001525878906,43.69123077392578,225400,OUSM,,,
2025-02-10 05:00:00+00:00,44.15999984741211,44.15999984741211,43.70500183105469,43.83000183105469,43.62156295776367,60300,OUSM,,,
2025-02-11 05:00:00+00:00,43.68999862670898,43.93999862670898,43.619998931884766,43.91999816894531,43.71113204956055,118500,OUSM,,,
2025-02-12 05:00:00+00:00,43.4900016784668,43.68000030517578,43.3650016784668,43.56999969482422,43.36279678344727,57400,OUSM,,,
2025-02-13 05:00:00+00:00,43.84999847412109,44.2400016784668,43.84999847412109,44.22999954223633,44.01966094970703,89300,OUSM,,,
2025-02-14 05:00:00+00:00,44.38999938964844,44.40999984741211,44.040000915527344,44.119998931884766,43.91018295288086,67000,OUSM,,,
2025-02-18 05:00:00+00:00,44.27000045776367,44.45000076293945,44.150001525878906,44.45000076293945,44.238616943359375,51600,OUSM,,,
2025-02-19 05:00:00+00:00,44.209999084472656,44.5099983215332,44.15499877929688,44.43999862670898,44.228660583496094,117800,OUSM,,,
2025-02-20 05:00:00+00:00,44.22999954223633,44.36000061035156,43.83000183105469,44.060001373291016,43.89788436889648,72900,OUSM,,,
2025-02-21 05:00:00+00:00,44.20000076293945,44.20000076293945,43.369998931884766,43.47999954223633,43.32001876831055,49000,OUSM,,,
2025-02-24 05:00:00+00:00,43.63999938964844,43.7400016784668,43.400001525878906,43.5099983215332,43.34990310668945,73700,OUSM,,,
2025-02-25 05:00:00+00:00,43.58000183105469,43.7400016784668,43.37799835205078,43.61000061035156,43.44953918457031,75100,OUSM,,,
2025-02-26 05:00:00+00:00,43.68000030517578,43.810001373291016,43.25,43.400001525878906,43.24031448364258,40100,OUSM,,,
2025-02-27 05:00:00+00:00,43.369998931884766,43.61000061035156,43.18000030517578,43.18000030517578,43.021121978759766,84700,OUSM,,,
2025-02-28 05:00:00+00:00,43.290000915527344,43.59999847412109,43.0009994506836,43.59999847412109,43.4395751953125,66600,OUSM,,,
2025-03-03 05:00:00+00:00,44.400001525878906,45.11000061035156,42.84999847412109,43.02999877929688,42.871673583984375,186100,OUSM,,,
2025-03-04 05:00:00+00:00,42.70000076293945,42.880001068115234,42.18999862670898,42.31999969482422,42.164283752441406,318200,OUSM,,,
2025-03-05 05:00:00+00:00,42.34000015258789,42.72999954223633,42.11800003051758,42.630001068115234,42.47314834594727,170400,OUSM,,,
2025-03-06 05:00:00+00:00,42.33000183105469,42.720001220703125,42.25,42.650001525878906,42.493072509765625,181600,OUSM,,,
2025-03-07 05:00:00+00:00,42.4900016784668,43.27000045776367,42.4900016784668,43.209999084472656,43.05101013183594,76600,OUSM,,,
2025-03-10 04:00:00+00:00,42.7599983215332,43.459999084472656,42.625,42.83000183105469,42.67241287231445,219500,OUSM,,,
2025-03-11 04:00:00+00:00,42.959999084472656,43.07899856567383,42.119998931884766,42.310001373291016,42.15432357788086,919800,OUSM,,,
2025-03-12 04:00:00+00:00,42.61000061035156,42.61000061035156,41.63999938964844,41.709999084472656,41.55652618408203,207700,OUSM,,,
2025-03-13 04:00:00+00:00,41.72999954223633,41.77000045776367,41.08000183105469,41.2599983215332,41.10818099975586,106200,OUSM,,,
2025-03-14 04:00:00+00:00,41.61000061035156,42.040000915527344,41.38999938964844,42.02000045776367,41.86539077758789,131200,OUSM,,,
2025-03-17 04:00:00+00:00,41.9900016784668,42.59000015258789,41.9900016784668,42.5,42.34362030029297,58100,OUSM,,,
2025-03-18 04:00:00+00:00,42.36000061035156,42.400001525878906,42.152000427246094,42.34000015258789,42.18421173095703,135900,OUSM,,,
2025-03-19 04:00:00+00:00,42.43999862670898,42.80500030517578,42.34999847412109,42.72999954223633,42.5727767944336,50900,OUSM,,,
2025-03-20 04:00:00+00:00,42.36000061035156,42.61600112915039,42.23500061035156,42.2599983215332,42.2181282043457,87500,OUSM,,,
2025-03-21 04:00:00+00:00,41.95000076293945,42.119998931884766,41.67300033569336,41.970001220703125,41.92841720581055,612800,OUSM,,,
2025-03-24 04:00:00+00:00,42.43999862670898,42.77999877929688,42.38999938964844,42.77999877929688,42.73761367797852,85600,OUSM,,,
2025-03-25 04:00:00+00:00,42.869998931884766,42.869998931884766,42.459999084472656,42.70000076293945,42.657691955566406,84900,OUSM,,,
2025-03-26 04:00:00+00:00,42.709999084472656,42.959999084472656,42.630001068115234,42.79999923706055,42.757591247558594,81100,OUSM,,,
2025-03-27 04:00:00+00:00,42.70000076293945,42.70000076293945,42.310001373291016,42.52999877929688,42.48785781860352,70900,OUSM,,,
2025-03-28 04:00:00+00:00,42.42499923706055,42.47999954223633,41.72999954223633,41.900001525878906,41.85848617553711,81700,OUSM,,,
2025-03-31 04:00:00+00:00,41.58000183105469,42.2400016784668,41.380001068115234,42.02000045776367,41.97836685180664,65000,OUSM,,,
2025-04-01 04:00:00+00:00,42.04999923706055,42.459999084472656,41.82600021362305,42.31999969482422,42.27806854248047,77000,OUSM,,,
2025-04-02 04:00:00+00:00,41.95000076293945,42.78499984741211,41.95000076293945,42.720001220703125,42.67767333984375,47600,OUSM,,,
2025-04-03 04:00:00+00:00,41.27000045776367,41.630001068115234,40.790000915527344,40.79999923706055,40.75957489013672,252900,OUSM,,,
2025-04-04 04:00:00+00:00,39.91999816894531,40.02000045776367,38.93999862670898,39.16999816894531,39.13118743896485,370300,OUSM,,,
2025-04-07 04:00:00+00:00,38.07500076293945,39.85499954223633,37.29999923706055,38.380001068115234,38.34197235107422,423900,OUSM,,,
2025-04-08 04:00:00+00:00,39.709999084472656,39.709999084472656,37.33000183105469,37.72999954223633,37.6926155090332,224000,OUSM,,,
2025-04-09 04:00:00+00:00,37.29999923706055,40.49399948120117,37.29999923706055,40.34000015258789,40.30002975463867,80900,OUSM,,,
2025-04-10 04:00:00+00:00,39.54999923706055,39.72800064086914,38.483001708984375,39.33000183105469,39.29103469848633,61500,OUSM,,,
2025-04-11 04:00:00+00:00,39.27000045776367,39.96599960327149,38.81999969482422,39.79999923706055,39.76056671142578,65300,OUSM,,,
2025-04-14 04:00:00+00:00,40.22999954223633,40.36000061035156,39.77000045776367,40.2599983215332,40.22010803222656,52800,OUSM,,,
2025-04-15 04:00:00+00:00,40.25,40.47999954223633,40.0,40.09999847412109,40.06026840209961,171900,OUSM,,,
2025-04-16 04:00:00+00:00,39.95000076293945,40.130001068115234,39.345001220703125,39.61000061035156,39.57075500488281,53000,OUSM,,,
2025-04-17 04:00:00+00:00,39.7400016784668,40.08700180053711,39.66299819946289,39.88999938964844,39.8504753112793,182200,OUSM,,,
2025-04-21 04:00:00+00:00,39.58000183105469,39.78300094604492,38.72999954223633,39.0099983215332,38.97134780883789,117500,OUSM,,,
2025-04-22 04:00:00+00:00,39.47999954223633,40.03900146484375,39.39799880981445,39.97999954223633,39.94038772583008,56300,OUSM,,,
2025-04-23 04:00:00+00:00,40.90999984741211,41.27799987792969,40.25,40.369998931884766,40.33000183105469,68000,OUSM,,,
2025-04-24 04:00:00+00:00,40.34000015258789,40.91999816894531,40.275001525878906,40.84999847412109,40.84999847412109,35300,OUSM,,,
2025-04-25 04:00:00+00:00,40.790000915527344,40.91999816894531,40.47999954223633,40.88999938964844,40.88999938964844,48600,OUSM,,,
2025-04-28 04:00:00+00:00,40.9900016784668,41.27000045776367,40.73699951171875,41.09000015258789,41.09000015258789,89100,OUSM,,,
2025-04-29 04:00:00+00:00,41.09000015258789,41.470001220703125,40.88999938964844,41.34999847412109,41.34999847412109,70100,OUSM,,,
2025-04-30 04:00:00+00:00,40.95000076293945,41.25,40.47499847412109,41.13999938964844,41.13999938964844,59700,OUSM,,,
2025-05-01 04:00:00+00:00,41.20000076293945,41.34999847412109,40.869998931884766,41.04999923706055,41.04999923706055,62100,OUSM,,,
2025-05-02 04:00:00+00:00,41.560001373291016,41.790000915527344,41.400001525878906,41.7599983215332,41.7599983215332,82400,OUSM,,,
2025-05-05 04:00:00+00:00,41.56999969482422,41.87200164794922,41.47999954223633,41.630001068115234,41.630001068115234,62800,OUSM,,,
2025-05-06 04:00:00+00:00,41.34999847412109,41.72999954223633,41.244998931884766,41.52999877929688,41.52999877929688,304400,OUSM,,,
2025-05-07 04:00:00+00:00,41.790000915527344,41.84299850463867,41.42100143432617,41.61000061035156,41.61000061035156,58800,OUSM,,,
2025-05-08 04:00:00+00:00,41.88999938964844,42.33000183105469,41.72999954223633,41.97999954223633,41.97999954223633,91600,OUSM,,,
2025-05-09 04:00:00+00:00,42.09999847412109,42.20000076293945,41.91299819946289,42.01499938964844,42.01499938964844,52100,OUSM,,,
2025-05-12 04:00:00+00:00,43.20000076293945,43.290000915527344,42.77000045776367,43.09000015258789,43.09000015258789,68100,OUSM,,,
2025-05-13 04:00:00+00:00,43.220001220703125,43.25,43.05500030517578,43.060001373291016,43.060001373291016,63200,OUSM,,,
2025-05-14 04:00:00+00:00,43.09999847412109,43.09999847412109,42.68999862670898,42.77999877929688,42.77999877929688,58600,OUSM,,,
2025-05-15 04:00:00+00:00,42.7400016784668,43.09999847412109,42.73099899291992,43.060001373291016,43.060001373291016,192100,OUSM,,,
2025-05-16 04:00:00+00:00,43.18000030517578,43.560001373291016,43.0099983215332,43.540000915527344,43.540000915527344,145900,OUSM,,,
2025-05-19 04:00:00+00:00,43.11000061035156,43.4739990234375,43.11000061035156,43.41999816894531,43.41999816894531,73500,OUSM,,,
2025-05-20 04:00:00+00:00,43.470001220703125,43.53799819946289,43.20199966430664,43.31999969482422,43.31999969482422,72300,OUSM,,,
2025-05-21 04:00:00+00:00,43.040000915527344,43.040000915527344,42.36399841308594,42.375,42.375,43900,OUSM,,,
2025-05-22 04:00:00+00:00,42.27999877929688,42.45000076293945,42.040000915527344,42.22999954223633,42.22999954223633,56200,OUSM,,,
2025-05-23 04:00:00+00:00,41.709999084472656,42.20000076293945,41.66999816894531,42.06399917602539,42.06399917602539,55700,OUSM,,,
2025-05-27 04:00:00+00:00,42.61000061035156,43.0,42.33000183105469,43.0,43.0,129000,OUSM,,,
2025-05-28 04:00:00+00:00,43.060001373291016,43.09799957275391,42.4900016784668,42.54999923706055,42.54999923706055,113000,OUSM,,,
2025-05-29 04:00:00+00:00,42.7599983215332,42.7599983215332,42.290000915527344,42.66999816894531,42.66999816894531,104900,OUSM,,,
2025-05-30 04:00:00+00:00,42.56999969482422,42.70000076293945,42.380001068115234,42.5099983215332,42.5099983215332,45600,OUSM,,,
2025-06-02 04:00:00+00:00,42.5099983215332,42.5099983215332,42.0,42.34000015258789,42.34000015258789,77600,OUSM,,,
2025-06-03 04:00:00+00:00,42.459999084472656,42.77999877929688,42.220001220703125,42.7400016784668,42.7400016784668,66800,OUSM,,,
2025-06-04 04:00:00+00:00,42.810001373291016,42.810001373291016,42.5,42.52999877929688,42.52999877929688,45400,OUSM,,,
2025-06-05 04:00:00+00:00,42.65999984741211,42.65999984741211,42.290000915527344,42.41999816894531,42.41999816894531,74400,OUSM,,,
2025-06-06 04:00:00+00:00,42.86000061035156,42.86000061035156,42.58000183105469,42.79999923706055,42.79999923706055,59800,OUSM,,,
2025-06-09 04:00:00+00:00,42.869998931884766,43.09000015258789,42.68999862670898,42.84999847412109,42.84999847412109,78700,OUSM,,,
2025-06-10 04:00:00+00:00,42.9900016784668,43.2599983215332,42.900001525878906,43.060001373291016,43.060001373291016,57000,OUSM,,,
2025-06-11 04:00:00+00:00,43.2400016784668,43.2400016784668,42.76900100708008,42.869998931884766,42.869998931884766,58200,OUSM,,,
2025-06-12 04:00:00+00:00,42.7599983215332,42.970001220703125,42.56999969482422,42.970001220703125,42.970001220703125,48600,OUSM,,,
2025-06-13 04:00:00+00:00,42.65999984741211,42.77000045776367,42.18600082397461,42.27999877929688,42.27999877929688,68700,OUSM,,,
2025-06-16 04:00:00+00:00,42.52999877929688,42.900001525878906,42.52999877929688,42.709999084472656,42.709999084472656,66600,OUSM,,,
2025-06-17 04:00:00+00:00,42.5,42.59999847412109,42.25,42.27000045776367,42.27000045776367,77400,OUSM,,,
2025-06-18 04:00:00+00:00,42.380001068115234,42.63999938964844,42.290000915527344,42.369998931884766,42.369998931884766,55200,OUSM,,,
2025-06-20 04:00:00+00:00,42.5,42.5,41.91999816894531,42.130001068115234,42.130001068115234,68800,OUSM,,,
2025-06-23 04:00:00+00:00,42.150001525878906,42.72999954223633,41.97999954223633,42.72999954223633,42.72999954223633,59600,OUSM,,,
2025-06-24 04:00:00+00:00,43.040000915527344,43.18000030517578,42.78200149536133,43.09999847412109,43.09999847412109,81400,OUSM,,,
2025-06-25 04:00:00+00:00,43.13999938964844,43.13999938964844,42.71200180053711,42.810001373291016,42.810001373291016,77300,OUSM,,,
2025-06-26 04:00:00+00:00,42.97999954223633,43.24800109863281,42.810001373291016,43.2400016784668,43.2400016784668,246500,OUSM,,,
2025-06-27 04:00:00+00:00,43.38999938964844,43.52999877929688,43.060001373291016,43.22999954223633,43.22999954223633,74200,OUSM,,,
2025-06-30 04:00:00+00:00,43.45000076293945,43.45000076293945,43.02000045776367,43.209999084472656,43.209999084472656,50900,OUSM,,,
2025-07-01 04:00:00+00:00,43.18999862670898,44.16999816894531,43.07500076293945,43.810001373291016,43.810001373291016,115000,OUSM,,,
2025-07-02 04:00:00+00:00,43.900001525878906,44.09999847412109,43.619998931884766,44.060001373291016,44.060001373291016,92800,OUSM,,,
2025-07-03 04:00:00+00:00,44.290000915527344,44.310001373291016,44.13999938964844,44.27999877929688,44.27999877929688,37300,OUSM,,,
2025-07-07 04:00:00+00:00,44.0099983215332,44.31999969482422,43.65999984741211,43.83000183105469,43.83000183105469,49900,OUSM,,,
2025-07-08 04:00:00+00:00,43.91999816894531,44.2599983215332,43.823001861572266,44.03499984741211,44.03499984741211,41800,OUSM,,,
2025-07-09 04:00:00+00:00,44.290000915527344,44.290000915527344,43.81999969482422,44.18000030517578,44.18000030517578,73900,OUSM,,,
2025-07-10 04:00:00+00:00,44.220001220703125,44.5880012512207,44.0,44.36000061035156,44.36000061035156,50100,OUSM,,,
2025-07-11 04:00:00+00:00,44.130001068115234,44.130001068115234,43.77399826049805,43.91999816894531,43.91999816894531,30300,OUSM,,,
2025-07-14 04:00:00+00:00,43.79999923706055,44.025001525878906,43.73199844360352,44.02000045776367,43.982078552246094,53300,OUSM,,,
2025-07-15 04:00:00+00:00,44.18999862670898,44.18999862670898,43.119998931884766,43.13999938964844,43.10283660888672,51200,OUSM,,,
2025-07-16 04:00:00+00:00,43.38999938964844,43.52999877929688,42.88999938964844,43.4900016784668,43.45253753662109,66500,OUSM,,,
2025-07-17 04:00:00+00:00,43.52999877929688,43.880001068115234,43.45000076293945,43.810001373291016,43.77225875854492,90900,OUSM,,,
2025-07-18 04:00:00+00:00,43.970001220703125,43.970001220703125,43.459999084472656,43.59999847412109,43.56243896484375,48900,OUSM,,,
2025-07-21 04:00:00+00:00,43.810001373291016,43.81999969482422,43.380001068115234,43.40999984741211,43.37260437011719,57600,OUSM,,,
2025-07-22 04:00:00+00:00,43.4900016784668,43.91999816894531,43.4900016784668,43.86000061035156,43.82221603393555,104700,OUSM,,,
2025-07-23 04:00:00+00:00,44.02999877929688,44.17499923706055,44.02999877929688,44.11000061035156,44.07200241088867,67300,OUSM,,,
2025-07-24 04:00:00+00:00,44.0,44.040000915527344,43.66999816894531,43.66999816894531,43.66999816894531,54900,OUSM,,,
2025-07-25 04:00:00+00:00,43.77999877929688,43.930999755859375,43.630001068115234,43.90999984741211,43.90999984741211,31600,OUSM,,,
2025-07-28 04:00:00+00:00,43.95000076293945,43.970001220703125,43.68999862670898,43.709999084472656,43.709999084472656,797500,OUSM,,,
2025-07-29 04:00:00+00:00,43.84999847412109,43.900001525878906,43.52999877929688,43.63999938964844,43.63999938964844,51500,OUSM,,,
2025-07-30 04:00:00+00:00,43.79999923706055,44.0,43.400001525878906,43.58000183105469,43.58000183105469,73100,OUSM,,,
2025-07-31 04:00:00+00:00,43.400001525878906,43.797000885009766,43.36199951171875,43.45000076293945,43.45000076293945,36500,OUSM,,,
2025-08-01 04:00:00+00:00,43.06999969482422,43.06999969482422,42.47999954223633,42.790000915527344,42.790000915527344,66000,OUSM,,,
2025-08-04 04:00:00+00:00,43.08000183105469,43.38999938964844,43.0,43.38999938964844,43.38999938964844,55900,OUSM,,,
2025-08-05 04:00:00+00:00,43.380001068115234,43.59000015258789,43.21799850463867,43.45000076293945,43.45000076293945,65100,OUSM,,,
2025-08-06 04:00:00+00:00,43.5099983215332,43.5099983215332,43.18000030517578,43.47999954223633,43.47999954223633,68900,OUSM,,,
2025-08-07 04:00:00+00:00,43.7599983215332,43.7599983215332,43.150001525878906,43.33000183105469,43.33000183105469,46600,OUSM,,,
2025-08-08 04:00:00+00:00,43.459999084472656,43.74800109863281,43.40999984741211,43.540000915527344,43.540000915527344,41900,OUSM,,,
2025-08-11 04:00:00+00:00,43.7599983215332,43.88999938964844,43.54999923706055,43.619998931884766,43.619998931884766,26300,OUSM,,,
2025-08-12 04:00:00+00:00,43.7599983215332,44.369998931884766,43.65999984741211,44.35499954223633,44.35499954223633,50300,OUSM,,,
2025-08-13 04:00:00+00:00,44.470001220703125,45.1349983215332,44.40999984741211,45.1349983215332,45.1349983215332,29600,OUSM,,,
2025-08-14 04:00:00+00:00,44.70000076293945,44.70000076293945,44.369998931884766,44.54999923706055,44.54999923706055,69900,OUSM,,,
2025-08-15 04:00:00+00:00,44.68999862670898,44.68999862670898,44.244998931884766,44.290000915527344,44.290000915527344,91700,OUSM,,,
2025-08-18 04:00:00+00:00,44.33000183105469,44.400001525878906,44.20399856567383,44.27000045776367,44.27000045776367,41000,OUSM,,,
2025-08-19 04:00:00+00:00,44.2400016784668,44.900001525878906,44.2400016784668,44.59000015258789,44.59000015258789,41700,OUSM,,,
2025-08-20 04:00:00+00:00,44.630001068115234,44.70000076293945,44.36800003051758,44.459999084472656,43.98247528076172,36000,OUSM,,,
2025-08-21 04:00:00+00:00,44.22999954223633,44.415000915527344,44.16999816894531,44.33000183105469,43.91313552856445,41100,OUSM,,,
2025-08-22 04:00:00+00:00,44.560001373291016,45.52999877929688,44.560001373291016,45.43999862670898,45.01269912719727,25400,OUSM,,,
2025-08-25 04:00:00+00:00,45.34000015258789,45.400001525878906,45.15499877929688,45.16999816894531,44.745235443115234,51100,OUSM,,,
2025-08-26 04:00:00+00:00,45.310001373291016,45.380001068115234,45.12099838256836,45.16999816894531,44.745235443115234,46200,OUSM,,,
2025-08-27 04:00:00+00:00,45.02000045776367,45.560001373291016,45.02000045776367,45.4900016784668,45.06222915649414,70900,OUSM,,,
2025-08-28 04:00:00+00:00,45.63999938964844,45.63999938964844,45.040000915527344,45.22999954223633,44.80467224121094,72400,OUSM,,,
2025-08-29 04:00:00+00:00,45.27000045776367,45.400001525878906,44.959999084472656,45.11000061035156,44.6858024597168,331500,OUSM,,,
2025-09-02 04:00:00+00:00,44.63999938964844,44.89300155639648,44.62099838256836,44.880001068115234,44.45796585083008,123600,OUSM,,,
2025-09-03 04:00:00+00:00,44.880001068115234,45.040000915527344,44.63999938964844,44.86000061035156,44.43815231323242,62900,OUSM,,,
2025-09-04 04:00:00+00:00,44.9900016784668,45.40999984741211,44.86000061035156,45.40999984741211,44.98297882080078,116800,OUSM,,,
2025-09-05 04:00:00+00:00,45.58000183105469,45.70000076293945,45.119998931884766,45.38999938964844,44.963165283203125,45700,OUSM,,,
2025-09-08 04:00:00+00:00,45.56999969482422,45.59000015258789,45.16999816894531,45.47999954223633,45.05232620239258,34100,OUSM,,,
2025-09-09 04:00:00+00:00,45.369998931884766,45.369998931884766,44.93000030517578,45.09000015258789,44.66598892211914,40700,OUSM,,,
2025-09-10 04:00:00+00:00,45.08000183105469,45.08000183105469,44.73400115966797,44.880001068115234,44.45796585083008,76100,OUSM,,,
2025-09-11 04:00:00+00:00,44.880001068115234,45.76499938964844,44.880001068115234,45.72999954223633,45.29996871948242,57200,OUSM,,,
2025-09-12 04:00:00+00:00,45.58000183105469,45.650001525878906,45.20500183105469,45.20500183105469,44.7799072265625,31700,OUSM,,,
2025-09-15 04:00:00+00:00,45.38999938964844,45.459999084472656,45.04999923706055,45.119998931884766,44.695709228515625,46800,OUSM,,,
2025-09-16 04:00:00+00:00,45.060001373291016,45.06499862670898,44.77999877929688,44.9900016784668,44.566932678222656,63400,OUSM,,,
2025-09-17 04:00:00+00:00,44.9900016784668,45.66999816894531,44.81999969482422,44.9900016784668,44.566932678222656,88000,OUSM,,,
2025-09-18 04:00:00+00:00,45.130001068115234,45.49300003051758,44.9900016784668,45.34999847412109,45.01860046386719,184500,OUSM,,,
2025-09-19 04:00:00+00:00,45.459999084472656,45.459999084472656,44.83000183105469,44.83000183105469,44.502403259277344,59200,OUSM,,,
2025-09-22 04:00:00+00:00,44.875,44.98400115966797,44.7400016784668,44.869998931884766,44.542110443115234,77900,OUSM,,,
2025-09-23 04:00:00+00:00,44.97999954223633,45.25699996948242,44.77000045776367,44.900001525878906,44.57189178466797,66200,OUSM,,,
2025-09-24 04:00:00+00:00,44.93999862670898,44.970001220703125,44.65999984741211,44.70000076293945,44.37335586547852,223500,OUSM,,,
2025-09-25 04:00:00+00:00,44.4900016784668,44.52999877929688,44.25299835205078,44.43000030517578,44.10532379150391,62900,OUSM,,,
2025-09-26 04:00:00+00:00,44.52999877929688,44.900001525878906,44.5099983215332,44.880001068115234,44.55203628540039,45500,OUSM,,,
2025-09-29 04:00:00+00:00,45.04999923706055,45.04999923706055,44.59000015258789,44.68000030517578,44.35350036621094,58700,OUSM,,,
2025-09-30 04:00:00+00:00,44.619998931884766,44.84000015258789,44.540000915527344,44.79999923706055,44.47262191772461,117500,OUSM,,,
2025-10-01 04:00:00+00:00,44.72999954223633,44.790000915527344,44.43000030517578,44.630001068115234,44.30386734008789,64000,OUSM,,,
2025-10-02 04:00:00+00:00,44.63999938964844,44.7599983215332,44.34999847412109,44.66999816894531,44.34357070922852,102200,OUSM,,,
2025-10-03 04:00:00+00:00,44.77999877929688,45.02000045776367,44.66999816894531,44.68000030517578,44.35350036621094,55600,OUSM,,,
2025-10-06 04:00:00+00:00,44.834999084472656,44.84999847412109,44.41999816894531,44.52000045776367,44.19466781616211,104500,OUSM,,,
2025-10-07 04:00:00+00:00,44.52000045776367,44.58000183105469,44.09000015258789,44.13999938964844,43.81744384765625,371100,OUSM,,,
2025-10-08 04:00:00+00:00,44.310001373291016,44.417999267578125,44.04999923706055,44.29999923706055,43.97627639770508,64200,OUSM,,,
2025-10-09 04:00:00+00:00,44.18999862670898,44.27999877929688,43.641998291015625,43.69499969482422,43.37569808959961,55200,OUSM,,,
2025-10-10 04:00:00+00:00,43.83000183105469,43.880001068115234,42.97999954223633,43.02999877929688,42.71555709838867,90900,OUSM,,,
2025-10-13 04:00:00+00:00,43.400001525878906,43.650001525878906,43.209999084472656,43.4900016784668,43.17219924926758,683900,OUSM,,,
2025-10-14 04:00:00+00:00,43.209999084472656,44.220001220703125,43.209999084472656,44.11000061035156,43.78766632080078,87600,OUSM,,,
2025-10-15 04:00:00+00:00,44.33000183105469,44.540000915527344,43.89500045776367,44.15999984741211,43.83729934692383,70000,OUSM,,,
2025-10-16 04:00:00+00:00,44.2599983215332,44.27000045776367,43.69100189208984,43.880001068115234,43.55934524536133,70400,OUSM,,,
2025-10-17 04:00:00+00:00,43.880001068115234,44.1870002746582,43.880001068115234,44.18000030517578,43.857154846191406,149100,OUSM,,,
2025-10-20 04:00:00+00:00,44.36000061035156,44.5,44.27299880981445,44.40999984741211,44.08546829223633,32600,OUSM,,,
2025-10-21 04:00:00+00:00,44.400001525878906,44.90999984741211,44.400001525878906,44.70000076293945,44.37335586547852,39300,OUSM,,,
2025-10-22 04:00:00+00:00,44.70000076293945,44.86000061035156,44.43999862670898,44.43999862670898,44.11524963378906,54000,OUSM,,,
2025-10-23 04:00:00+00:00,44.54999923706055,44.59000015258789,44.220001220703125,44.525001525878906,44.22650146484375,60800,OUSM,,,
2025-10-24 04:00:00+00:00,44.95000076293945,44.95000076293945,44.50400161743164,44.50400161743164,44.20564651489258,44400,OUSM,,,
2025-10-27 04:00:00+00:00,44.70000076293945,44.790000915527344,44.459999084472656,44.59000015258789,44.29106521606445,148100,OUSM,,,
2025-10-28 04:00:00+00:00,44.66999816894531,44.66999816894531,44.25,44.27999877929688,43.9831428527832,34900,OUSM,,,
2025-10-29 04:00:00+00:00,44.2400016784668,44.40800094604492,43.720001220703125,43.869998931884766,43.57588958740234,49000,OUSM,,,
2025-10-30 04:00:00+00:00,43.66999816894531,44.27000045776367,43.50199890136719,43.790000915527344,43.496429443359375,68200,OUSM,,,
2025-10-31 04:00:00+00:00,43.810001373291016,43.810001373291016,43.38999938964844,43.58000183105469,43.28783798217773,51400,OUSM,,,
2025-11-03 05:00:00+00:00,43.470001220703125,43.54999923706055,43.040000915527344,43.5099983215332,43.21830368041992,76900,OUSM,,,
2025-11-04 05:00:00+00:00,43.20000076293945,43.51300048828125,43.20000076293945,43.37900161743164,43.08818435668945,43900,OUSM,,,
2025-11-05 05:00:00+00:00,43.4900016784668,43.970001220703125,43.45000076293945,43.81999969482422,43.52622604370117,62100,OUSM,,,
2025-11-06 05:00:00+00:00,43.900001525878906,43.979000091552734,43.459999084472656,43.5099983215332,43.21830368041992,230400,OUSM,,,
2025-11-07 05:00:00+00:00,43.220001220703125,43.744998931884766,43.220001220703125,43.7400016784668,43.44676208496094,42300,OUSM,,,
2025-11-10 05:00:00+00:00,44.040000915527344,44.040000915527344,43.5620002746582,43.810001373291016,43.51629638671875,66100,OUSM,,,
2025-11-11 05:00:00+00:00,43.86000061035156,44.03900146484375,43.83000183105469,43.970001220703125,43.67522430419922,119400,OUSM,,,
2025-11-12 05:00:00+00:00,44.09999847412109,44.3129997253418,43.97999954223633,44.0099983215332,43.71495056152344,46200,OUSM,,,
2025-11-13 05:00:00+00:00,43.95000076293945,44.08000183105469,43.459999084472656,43.4900016784668,43.19844055175781,36400,OUSM,,,
2025-11-14 05:00:00+00:00,43.22999954223633,43.415000915527344,43.130001068115234,43.2599983215332,42.96997833251953,237600,OUSM,,,
2025-11-17 05:00:00+00:00,43.15999984741211,43.290000915527344,42.43000030517578,42.45000076293945,42.16541290283203,97300,OUSM,,,
2025-11-18 05:00:00+00:00,42.400001525878906,42.81900024414063,42.28099822998047,42.65999984741211,42.37400436401367,73800,OUSM,,,
2025-11-19 05:00:00+00:00,42.650001525878906,42.79399871826172,42.31999969482422,42.5099983215332,42.22500991821289,46000,OUSM,,,
2025-11-20 05:00:00+00:00,42.77999877929688,42.915000915527344,42.08100128173828,42.119998931884766,41.91057968139648,34000,OUSM,,,
2025-11-21 05:00:00+00:00,42.220001220703125,43.31999969482422,42.220001220703125,43.060001373291016,42.84590911865234,36300,OUSM,,,
2025-11-24 05:00:00+00:00,43.09999847412109,43.119998931884766,42.86000061035156,42.95000076293945,42.736454010009766,72300,OUSM,,,
2025-11-25 05:00:00+00:00,42.970001220703125,43.8380012512207,42.970001220703125,43.7599983215332,43.542423248291016,73300,OUSM,,,
2025-11-26 05:00:00+00:00,43.79999923706055,44.119998931884766,43.619998931884766,43.869998931884766,43.6518783569336,171000,OUSM,,,
2025-11-28 05:00:00+00:00,43.97999954223633,43.97999954223633,43.7599983215332,43.84000015258789,43.62202835083008,15300,OUSM,,,
2025-12-01 05:00:00+00:00,43.5,43.95000076293945,43.5,43.619998931884766,43.40312194824219,32100,OUSM,,,
2025-12-02 05:00:00+00:00,43.84000015258789,43.84000015258789,43.40999984741211,43.52999877929688,43.313568115234375,90600,OUSM,,,
2025-12-03 05:00:00+00:00,43.58000183105469,43.90999984741211,43.58000183105469,43.900001525878906,43.681732177734375,83800,OUSM,,,
2025-12-04 05:00:00+00:00,43.79999923706055,44.04999923706055,43.72999954223633,43.81999969482422,43.60212707519531,110200,OUSM,,,
2025-12-05 05:00:00+00:00,43.83000183105469,44.04999923706055,43.75600051879883,43.91999816894531,43.70162963867188,37900,OUSM,,,
2025-12-08 05:00:00+00:00,43.90999984741211,43.90999984741211,43.5099983215332,43.58000183105469,43.36332321166992,65400,OUSM,,,
2025-12-09 05:00:00+00:00,43.459999084472656,43.77999877929688,43.459999084472656,43.5099983215332,43.29366683959961,71900,OUSM,,,
2025-12-10 05:00:00+00:00,43.41999816894531,44.400001525878906,43.41999816894531,44.25,44.02999114990234,63800,OUSM,,,
2025-12-11 05:00:00+00:00,44.2599983215332,44.9109992980957,44.2599983215332,44.880001068115234,44.6568603515625,69300,OUSM,,,
2025-12-12 05:00:00+00:00,44.90999984741211,45.060001373291016,44.72100067138672,44.83000183105469,44.60710906982422,28600,OUSM,,,
2025-12-15 05:00:00+00:00,45.0099983215332,45.0099983215332,44.57899856567383,44.77999877929688,44.55735397338867,69300,OUSM,,,
2025-12-16 05:00:00+00:00,44.77000045776367,44.90499877929688,44.44300079345703,44.59999847412109,44.37824630737305,28900,OUSM,,,
2025-12-17 05:00:00+00:00,44.61000061035156,44.983001708984375,44.58000183105469,44.650001525878906,44.428001403808594,42300,OUSM,,,
2025-12-18 05:00:00+00:00,44.650001525878906,44.79999923706055,44.40999984741211,44.54999923706055,44.54999923706055,30100,OUSM,,,
2025-12-19 05:00:00+00:00,44.5,44.56900024414063,44.400001525878906,44.46500015258789,44.46500015258789,43500,OUSM,,,
2025-12-22 05:00:00+00:00,44.540000915527344,44.803001403808594,44.49800109863281,44.52999877929688,44.52999877929688,122700,OUSM,,,
2025-12-23 05:00:00+00:00,44.40999984741211,44.560001373291016,44.34999847412109,44.38999938964844,44.38999938964844,49400,OUSM,,,
2025-12-24 05:00:00+00:00,44.400001525878906,44.53300094604492,44.400001525878906,44.43999862670898,44.43999862670898,15800,OUSM,,,
2025-12-26 05:00:00+00:00,44.459999084472656,44.52899932861328,44.34000015258789,44.52000045776367,44.52000045776367,20500,OUSM,,,
2025-12-29 05:00:00+00:00,44.38999938964844,44.5369987487793,44.25,44.31999969482422,44.31999969482422,26500,OUSM,,,
2025-12-30 05:00:00+00:00,44.400001525878906,44.400001525878906,44.16999816894531,44.16999816894531,44.16999816894531,52900,OUSM,,,
2025-12-31 05:00:00+00:00,44.130001068115234,44.130001068115234,43.685001373291016,43.7400016784668,43.7400016784668,67200,OUSM,,,
2026-01-02 05:00:00+00:00,43.810001373291016,44.060001373291016,43.632999420166016,43.95399856567383,43.95399856567383,49500,OUSM,,,
2026-01-05 05:00:00+00:00,43.959999084472656,44.880001068115234,43.959999084472656,44.59299850463867,44.59299850463867,169900,OUSM,,,
2026-01-06 05:00:00+00:00,44.5099983215332,44.98500061035156,44.470001220703125,44.90999984741211,44.90999984741211,140500,OUSM,,,
2026-01-07 05:00:00+00:00,44.95000076293945,44.95000076293945,44.25,44.43999862670898,44.43999862670898,95000,OUSM,,,
2026-01-08 05:00:00+00:00,44.310001373291016,45.09999847412109,44.290000915527344,45.0,45.0,165000,OUSM,,,
2026-01-09 05:00:00+00:00,45.15999984741211,45.38999938964844,44.922000885009766,45.2599983215332,45.2599983215332,48400,OUSM,,,
2026-01-12 05:00:00+00:00,45.150001525878906,45.27899932861328,45.060001373291016,45.17499923706055,45.17499923706055,42500,OUSM,,,
2026-01-13 05:00:00+00:00,45.27999877929688,45.27999877929688,44.834999084472656,44.91999816894531,44.91999816894531,111200,OUSM,,,
2026-01-14 05:00:00+00:00,44.86000061035156,45.31999969482422,44.86000061035156,45.18999862670898,45.18999862670898,92100,OUSM,,,
2026-01-15 05:00:00+00:00,45.31999969482422,45.84999847412109,45.31999969482422,45.84000015258789,45.84000015258789,50100,OUSM,,,
2026-01-16 05:00:00+00:00,45.79999923706055,45.79999923706055,45.52000045776367,45.68000030517578,45.68000030517578,43600,OUSM,,,
2026-01-20 05:00:00+00:00,45.25,45.367000579833984,44.91999816894531,45.02000045776367,45.02000045776367,73500,OUSM,,,
2026-01-21 05:00:00+00:00,45.18000030517578,46.02999877929688,45.16999816894531,45.81999969482422,45.70216751098633,44800,OUSM,,,
2026-01-22 05:00:00+00:00,45.900001525878906,46.0,45.70000076293945,45.80099868774414,45.71714019775391,76500,OUSM,,,
2026-01-23 05:00:00+00:00,45.70000076293945,45.72999954223633,45.08000183105469,45.34999847412109,45.26696395874024,105300,OUSM,,,
2026-01-26 05:00:00+00:00,45.369998931884766,45.7599983215332,45.2400016784668,45.47999954223633,45.396728515625,129500,OUSM,,,
2026-01-27 05:00:00+00:00,45.380001068115234,45.380001068115234,45.06499862670898,45.17499923706055,45.09228515625,86300,OUSM,,,
2026-01-28 05:00:00+00:00,45.040000915527344,45.220001220703125,44.900001525878906,44.959999084472656,44.87768173217773,52700,OUSM,,,
2026-01-29 05:00:00+00:00,45.09000015258789,45.3849983215332,44.96599960327149,45.34000015258789,45.25698471069336,41300,OUSM,,,
2026-01-30 05:00:00+00:00,45.119998931884766,45.380001068115234,44.93999862670898,45.34000015258789,45.25698471069336,53900,OUSM,,,
2026-02-02 05:00:00+00:00,45.2400016784668,45.77000045776367,45.2400016784668,45.77000045776367,45.68619918823242,37200,OUSM,,,
2026-02-03 05:00:00+00:00,45.619998931884766,45.83000183105469,45.14099884033203,45.43999862670898,45.3568000793457,47000,OUSM,,,
2026-02-04 05:00:00+00:00,45.58000183105469,46.45000076293945,45.58000183105469,46.29999923706055,46.21522521972656,68700,OUSM,,,
2026-02-05 05:00:00+00:00,46.13999938964844,46.66999816894531,46.13999938964844,46.52999877929688,46.44480514526367,37700,OUSM,,,
2026-02-06 05:00:00+00:00,46.81999969482422,47.3849983215332,46.81999969482422,47.33000183105469,47.24334335327149,88500,OUSM,,,
2026-02-09 05:00:00+00:00,47.31999969482422,47.400001525878906,47.04499816894531,47.220001220703125,47.133544921875,90800,OUSM,,,
2026-02-10 05:00:00+00:00,47.27000045776367,47.5,47.22499847412109,47.38999938964844,47.30323028564453,58100,OUSM,,,
2026-02-11 05:00:00+00:00,47.650001525878906,47.650001525878906,47.23699951171875,47.470001220703125,47.383087158203125,33500,OUSM,,,
2026-02-12 05:00:00+00:00,47.66999816894531,47.900001525878906,46.7400016784668,46.88999938964844,46.80414581298828,65500,OUSM,,,
2026-02-13 05:00:00+00:00,47.0099983215332,47.266998291015625,46.77000045776367,47.11199951171875,47.02574157714844,75000,OUSM,,,
2026-02-17 05:00:00+00:00,47.18000030517578,47.18000030517578,46.58000183105469,46.83000183105469,46.744258880615234,68000,OUSM,,,
2026-02-18 05:00:00+00:00,46.900001525878906,47.17900085449219,46.650001525878906,46.970001220703125,46.88400268554688,43800,OUSM,,,
2026-02-19 05:00:00+00:00,46.70000076293945,46.83000183105469,46.505001068115234,46.68999862670898,46.68999862670898,38600,OUSM,,,
2026-02-20 05:00:00+00:00,46.68999862670898,47.0099983215332,46.43000030517578,46.77999877929688,46.77999877929688,46700,OUSM,,,
2026-02-23 05:00:00+00:00,46.65999984741211,46.68000030517578,45.97600173950195,46.25,46.25,27800,OUSM,,,
2026-02-24 05:00:00+00:00,46.369998931884766,46.83000183105469,46.34099960327149,46.630001068115234,46.630001068115234,51400,OUSM,,,
2026-02-25 05:00:00+00:00,46.79999923706055,46.79999923706055,46.20000076293945,46.68999862670898,46.68999862670898,52000,OUSM,,,
2026-02-26 05:00:00+00:00,46.63999938964844,46.77999877929688,46.310001373291016,46.68999862670898,46.68999862670898,37700,OUSM,,,
2026-02-27 05:00:00+00:00,46.34000015258789,46.61000061035156,46.040000915527344,46.54999923706055,46.54999923706055,38100,OUSM,,,
2026-03-02 05:00:00+00:00,46.150001525878906,46.869998931884766,46.03499984741211,46.720001220703125,46.720001220703125,44000,OUSM,,,
2026-03-03 05:00:00+00:00,45.88999938964844,46.560001373291016,45.4900016784668,46.34999847412109,46.34999847412109,51200,OUSM,,,
2026-03-04 05:00:00+00:00,46.5,46.5,46.09999847412109,46.33000183105469,46.33000183105469,35200,OUSM,,,
2026-03-05 05:00:00+00:00,45.95000076293945,46.1349983215332,45.59000015258789,45.77000045776367,45.77000045776367,38200,OUSM,,,
2026-03-06 05:00:00+00:00,45.380001068115234,45.380001068115234,44.56999969482422,45.08000183105469,45.08000183105469,72800,OUSM,,,
2026-03-09 04:00:00+00:00,44.560001373291016,45.060001373291016,43.93000030517578,44.97999954223633,44.97999954223633,67200,OUSM,,,
2026-03-10 04:00:00+00:00,44.880001068115234,45.2400016784668,44.5099983215332,44.59999847412109,44.482078552246094,49300,OUSM,0.0,0.0,0.0
2026-03-11 04:00:00+00:00,44.4900016784668,44.56999969482422,44.21500015258789,44.5099983215332,44.39231491088867,53400,OUSM,0.0,0.0,0.0
2026-03-12 04:00:00+00:00,44.06999969482422,44.27999877929688,43.93000030517578,43.970001220703125,43.85374450683594,35700,OUSM,0.0,0.0,0.0
2026-03-13 04:00:00+00:00,44.209999084472656,44.40999984741211,43.81999969482422,43.91999816894531,43.80387878417969,30700,OUSM,0.0,0.0,0.0
2026-03-16 04:00:00+00:00,44.18999862670898,44.43999862670898,43.97999954223633,44.02000045776367,43.90361022949219,34100,OUSM,0.0,0.0,0.0
2026-03-17 04:00:00+00:00,44.29999923706055,44.49300003051758,44.1349983215332,44.20000076293945,44.08313751220703,20800,OUSM,0.0,0.0,0.0
2026-03-18 04:00:00+00:00,43.88999938964844,44.09999847412109,43.47999954223633,43.47999954223633,43.36504364013672,168700,OUSM,0.0,0.0,0.0
2026-03-19 04:00:00+00:00,43.16999816894531,43.650001525878906,42.9900016784668,43.45000076293945,43.43001174926758,212700,OUSM,0.095,0.0,0.0
2026-03-20 04:00:00+00:00,43.310001373291016,43.5,42.7599983215332,42.92499923706055,42.90525436401367,127400,OUSM,0.0,0.0,0.0
2026-03-23 04:00:00+00:00,43.619998931884766,44.13999938964844,43.45000076293945,43.52999877929688,43.50997543334961,53100,OUSM,0.0,0.0,0.0
2026-03-24 04:00:00+00:00,43.27000045776367,44.0,43.16999816894531,43.75,43.72987365722656,51800,OUSM,0.0,0.0,0.0
2026-03-25 04:00:00+00:00,44.13999938964844,44.19499969482422,43.54999923706055,44.04999923706055,44.02973556518555,50000,OUSM,0.0,0.0,0.0
2026-03-26 04:00:00+00:00,43.77000045776367,44.25,43.66999816894531,43.720001220703125,43.69989013671875,48500,OUSM,0.0,0.0,0.0
2026-03-27 04:00:00+00:00,43.52999877929688,43.59000015258789,43.06499862670898,43.119998931884766,43.10016250610352,362400,OUSM,0.0,0.0,0.0
2026-03-30 04:00:00+00:00,43.47999954223633,43.47999954223633,42.93999862670898,42.97999954223633,42.960227966308594,68100,OUSM,0.0,0.0,0.0
2026-03-31 04:00:00+00:00,43.459999084472656,43.95000076293945,43.040000915527344,43.7400016784668,43.71987915039063,93000,OUSM,0.0,0.0,0.0
2026-04-01 04:00:00+00:00,43.84000015258789,44.20000076293945,43.84000015258789,43.959999084472656,43.93977737426758,29100,OUSM,0.0,0.0,0.0
2026-04-02 04:00:00+00:00,43.61000061035156,44.34000015258789,43.4900016784668,44.119998931884766,44.099700927734375,136800,OUSM,0.0,0.0,0.0
2026-04-06 04:00:00+00:00,44.22999954223633,44.369998931884766,44.005001068115234,44.369998931884766,44.349586486816406,49700,OUSM,0.0,0.0,0.0
2026-04-07 04:00:00+00:00,44.27000045776367,44.630001068115234,44.18999862670898,44.38999938964844,44.36957931518555,70400,OUSM,0.0,0.0,0.0
2026-04-08 04:00:00+00:00,45.220001220703125,45.59000015258789,45.220001220703125,45.540000915527344,45.51905059814453,35700,OUSM,0.0,0.0,0.0
2026-04-09 04:00:00+00:00,45.43999862670898,45.88899993896485,45.33000183105469,45.77999877929688,45.75893783569336,27000,OUSM,0.0,0.0,0.0
2026-04-10 04:00:00+00:00,45.790000915527344,45.86000061035156,45.375,45.41999816894531,45.39910507202149,46800,OUSM,0.0,0.0,0.0
2026-04-13 04:00:00+00:00,45.33000183105469,45.970001220703125,45.21900177001953,45.93999862670898,45.91886520385742,98400,OUSM,0.0,0.0,0.0
2026-04-14 04:00:00+00:00,45.959999084472656,46.15999984741211,45.84999847412109,45.9900016784668,45.96884536743164,36100,OUSM,0.0,0.0,0.0
2026-04-15 04:00:00+00:00,45.900001525878906,45.91999816894531,45.624000549316406,45.650001525878906,45.62900161743164,33300,OUSM,0.0,0.0,0.0
2026-04-16 00:00:00+00:00,45.77000045776367,45.970001220703125,45.61000061035156,45.72999954223633,45.72999954223633,53500,OUSM,0.021,0.0,0.0
2026-04-17 00:00:00+00:00,45.95000076293945,46.810001373291016,45.95000076293945,46.43000030517578,46.43000030517578,210500,OUSM,0.0,0.0,0.0
2026-04-20 00:00:00+00:00,46.36000061035156,46.66999816894531,46.36000061035156,46.58000183105469,46.58000183105469,46000,OUSM,0.0,0.0,0.0
2026-04-21 00:00:00+00:00,46.70000076293945,46.94499969482422,46.470001220703125,46.59000015258789,46.59000015258789,194200,OUSM,0.0,0.0,0.0
2026-04-22 00:00:00+00:00,47.0099983215332,47.0099983215332,46.54999923706055,46.70000076293945,46.70000076293945,71500,OUSM,0.0,0.0,0.0
2026-04-23 00:00:00+00:00,46.66999816894531,47.02000045776367,46.50299835205078,46.869998931884766,46.869998931884766,34200,OUSM,0.0,0.0,0.0
2026-04-24 00:00:00+00:00,46.88999938964844,47.029998779296875,46.7400016784668,46.849998474121094,46.849998474121094,29800,OUSM,0.0,0.0,0.0
