date,Open,High,Low,Close,Adj Close,Volume,symbol,Dividends,Stock Splits,Capital Gains
2024-12-30 05:00:00+00:00,29.88999938964844,29.89999961853028,29.84000015258789,29.87299919128418,29.87299919128418,5500,SEPM,,,
2024-12-31 05:00:00+00:00,29.8799991607666,29.8799991607666,29.83300018310547,29.83300018310547,29.83300018310547,1600,SEPM,,,
2025-01-02 05:00:00+00:00,29.88999938964844,29.88999938964844,29.84000015258789,29.86000061035156,29.86000061035156,3500,SEPM,,,
2025-01-03 05:00:00+00:00,29.920000076293945,29.950000762939453,29.88999938964844,29.905000686645508,29.905000686645508,47300,SEPM,,,
2025-01-06 05:00:00+00:00,29.974000930786133,30.01000022888184,29.92799949645996,29.92799949645996,29.92799949645996,4300,SEPM,,,
2025-01-07 05:00:00+00:00,29.93000030517578,29.93000030517578,29.850000381469727,29.875,29.875,5900,SEPM,,,
2025-01-08 05:00:00+00:00,29.920000076293945,29.940000534057617,29.832000732421875,29.88999938964844,29.88999938964844,12100,SEPM,,,
2025-01-10 05:00:00+00:00,29.850000381469727,29.850000381469727,29.78199958801269,29.84000015258789,29.84000015258789,254500,SEPM,,,
2025-01-13 05:00:00+00:00,29.809999465942383,29.815000534057617,29.77400016784668,29.815000534057617,29.815000534057617,1200,SEPM,,,
2025-01-14 05:00:00+00:00,29.84000015258789,29.84000015258789,29.82200050354004,29.82200050354004,29.82200050354004,800,SEPM,,,
2025-01-15 05:00:00+00:00,29.96999931335449,29.96999931335449,29.95499992370605,29.95499992370605,29.95499992370605,25500,SEPM,,,
2025-01-16 05:00:00+00:00,29.979999542236328,30.01000022888184,29.93000030517578,29.95400047302246,29.95400047302246,1600,SEPM,,,
2025-01-17 05:00:00+00:00,30.013999938964844,30.013999938964844,30.013999938964844,30.013999938964844,30.013999938964844,400,SEPM,,,
2025-01-21 05:00:00+00:00,30.01799964904785,30.100000381469727,30.01799964904785,30.065000534057617,30.065000534057617,3600,SEPM,,,
2025-01-22 05:00:00+00:00,30.1299991607666,30.13999938964844,30.0939998626709,30.0939998626709,30.0939998626709,3500,SEPM,,,
2025-01-23 05:00:00+00:00,30.059999465942383,30.15999984741211,30.059999465942383,30.1200008392334,30.1200008392334,2600,SEPM,,,
2025-01-24 05:00:00+00:00,30.13500022888184,30.18000030517578,30.06999969482422,30.125,30.125,4700,SEPM,,,
2025-01-27 05:00:00+00:00,30.09000015258789,30.09000015258789,30.0,30.040000915527344,30.040000915527344,1400,SEPM,,,
2025-01-28 05:00:00+00:00,30.05500030517578,30.10400009155273,30.05500030517578,30.10400009155273,30.10400009155273,1600,SEPM,,,
2025-01-29 05:00:00+00:00,30.041000366210938,30.075000762939453,30.01000022888184,30.075000762939453,30.075000762939453,1400,SEPM,,,
2025-01-30 05:00:00+00:00,30.059999465942383,30.114999771118164,30.059999465942383,30.104999542236328,30.104999542236328,1100,SEPM,,,
2025-01-31 05:00:00+00:00,30.11800003051757,30.1299991607666,30.06999969482422,30.08699989318848,30.08699989318848,18000,SEPM,,,
2025-02-03 05:00:00+00:00,30.030000686645508,30.045000076293945,30.030000686645508,30.045000076293945,30.045000076293945,300,SEPM,,,
2025-02-04 05:00:00+00:00,30.08300018310547,30.13999938964844,30.059999465942383,30.09000015258789,30.09000015258789,1000,SEPM,,,
2025-02-05 05:00:00+00:00,30.11800003051757,30.11800003051757,30.11800003051757,30.11800003051757,30.11800003051757,400,SEPM,,,
2025-02-06 05:00:00+00:00,30.18000030517578,30.18000030517578,30.09000015258789,30.138999938964844,30.138999938964844,4300,SEPM,,,
2025-02-07 05:00:00+00:00,30.06999969482422,30.100000381469727,30.059999465942383,30.100000381469727,30.100000381469727,4100,SEPM,,,
2025-02-10 05:00:00+00:00,30.18000030517578,30.18000030517578,30.1299991607666,30.1299991607666,30.1299991607666,400,SEPM,,,
2025-02-11 05:00:00+00:00,30.18000030517578,30.18000030517578,30.138999938964844,30.138999938964844,30.138999938964844,500,SEPM,,,
2025-02-12 05:00:00+00:00,30.1200008392334,30.12299919128418,30.1200008392334,30.12299919128418,30.12299919128418,200,SEPM,,,
2025-02-13 05:00:00+00:00,30.170000076293945,30.18000030517578,30.170000076293945,30.18000030517578,30.18000030517578,700,SEPM,,,
2025-02-14 05:00:00+00:00,30.13999938964844,30.198999404907227,30.13999938964844,30.198999404907227,30.198999404907227,500,SEPM,,,
2025-02-18 05:00:00+00:00,30.18000030517578,30.229999542236328,30.170000076293945,30.20199966430664,30.20199966430664,5500,SEPM,,,
2025-02-19 05:00:00+00:00,30.239999771118164,30.239999771118164,30.225000381469727,30.225000381469727,30.225000381469727,500,SEPM,,,
2025-02-20 05:00:00+00:00,30.225000381469727,30.229999542236328,30.214000701904297,30.214000701904297,30.214000701904297,5100,SEPM,,,
2025-02-21 05:00:00+00:00,30.21999931335449,30.26000022888184,30.131000518798828,30.131000518798828,30.131000518798828,3900,SEPM,,,
2025-02-24 05:00:00+00:00,30.13800048828125,30.18000030517578,30.11899948120117,30.11899948120117,30.11899948120117,6100,SEPM,,,
2025-02-25 05:00:00+00:00,30.07999992370605,30.07999992370605,30.030000686645508,30.076000213623047,30.076000213623047,53800,SEPM,,,
2025-02-26 05:00:00+00:00,30.100000381469727,30.100000381469727,30.08300018310547,30.08300018310547,30.08300018310547,400,SEPM,,,
2025-02-27 05:00:00+00:00,30.07999992370605,30.084999084472656,29.98200035095215,29.98200035095215,29.98200035095215,32400,SEPM,,,
2025-02-28 05:00:00+00:00,30.059999465942383,30.09000015258789,30.0,30.09000015258789,30.09000015258789,5100,SEPM,,,
2025-03-03 05:00:00+00:00,29.972000122070312,29.972000122070312,29.972000122070312,29.972000122070312,29.972000122070312,200,SEPM,,,
2025-03-04 05:00:00+00:00,29.895000457763672,29.979999542236328,29.8799991607666,29.905000686645508,29.905000686645508,5500,SEPM,,,
2025-03-05 05:00:00+00:00,29.90999984741211,30.04899978637696,29.90999984741211,29.98600006103516,29.98600006103516,1300,SEPM,,,
2025-03-06 05:00:00+00:00,29.89999961853028,29.920000076293945,29.867000579833984,29.867000579833984,29.867000579833984,800,SEPM,,,
2025-03-07 05:00:00+00:00,29.86000061035156,29.89999961853028,29.84000015258789,29.89999961853028,29.89999961853028,1700,SEPM,,,
2025-03-10 04:00:00+00:00,29.690000534057617,29.71999931335449,29.690000534057617,29.71999931335449,29.71999931335449,500,SEPM,,,
2025-03-11 04:00:00+00:00,29.6299991607666,29.71999931335449,29.6299991607666,29.665000915527344,29.665000915527344,6300,SEPM,,,
2025-03-12 04:00:00+00:00,29.690000534057617,29.700000762939453,29.690000534057617,29.69700050354004,29.69700050354004,800,SEPM,,,
2025-03-13 04:00:00+00:00,29.6200008392334,29.63999938964844,29.57999992370605,29.586000442504883,29.586000442504883,1900,SEPM,,,
2025-03-14 04:00:00+00:00,29.700000762939453,29.75200080871582,29.700000762939453,29.75200080871582,29.75200080871582,1100,SEPM,,,
2025-03-17 04:00:00+00:00,29.81999969482422,29.8700008392334,29.75,29.80599975585937,29.80599975585937,500,SEPM,,,
2025-03-18 04:00:00+00:00,29.780000686645508,29.790000915527344,29.683000564575195,29.711000442504883,29.711000442504883,2600,SEPM,,,
2025-03-19 04:00:00+00:00,29.79700088500977,29.79700088500977,29.79700088500977,29.79700088500977,29.79700088500977,100,SEPM,,,
2025-03-20 04:00:00+00:00,29.76000022888184,29.780000686645508,29.76000022888184,29.780000686645508,29.780000686645508,200,SEPM,,,
2025-03-21 04:00:00+00:00,29.75,29.788000106811523,29.729999542236328,29.788000106811523,29.788000106811523,800,SEPM,,,
2025-03-24 04:00:00+00:00,29.93899917602539,29.93899917602539,29.93899917602539,29.93899917602539,29.93899917602539,100,SEPM,,,
2025-03-25 04:00:00+00:00,29.94799995422364,29.94799995422364,29.94799995422364,29.94799995422364,29.94799995422364,200,SEPM,,,
2025-03-26 04:00:00+00:00,29.89999961853028,29.924999237060547,29.864999771118164,29.864999771118164,29.864999771118164,1300,SEPM,,,
2025-03-27 04:00:00+00:00,29.82900047302246,29.8700008392334,29.799999237060547,29.84600067138672,29.84600067138672,1700,SEPM,,,
2025-03-28 04:00:00+00:00,29.69300079345703,29.69300079345703,29.69300079345703,29.69300079345703,29.69300079345703,100,SEPM,,,
2025-03-31 04:00:00+00:00,29.6200008392334,29.73900032043457,29.6200008392334,29.73900032043457,29.73900032043457,1100,SEPM,,,
2025-04-01 04:00:00+00:00,29.65399932861328,29.770000457763672,29.65399932861328,29.76499938964844,29.76499938964844,14700,SEPM,,,
2025-04-02 04:00:00+00:00,29.790000915527344,29.809999465942383,29.76000022888184,29.799999237060547,29.799999237060547,1600,SEPM,,,
2025-04-03 04:00:00+00:00,29.549999237060547,29.549999237060547,29.440000534057617,29.46699905395508,29.46699905395508,1700,SEPM,,,
2025-04-04 04:00:00+00:00,29.229999542236328,29.229999542236328,29.12700080871582,29.12700080871582,29.12700080871582,500,SEPM,,,
2025-04-07 04:00:00+00:00,28.93000030517578,29.32999992370605,28.93000030517578,29.12299919128418,29.12299919128418,51600,SEPM,,,
2025-04-08 04:00:00+00:00,29.15999984741211,29.22599983215332,28.989999771118164,29.05299949645996,29.05299949645996,2700,SEPM,,,
2025-04-09 04:00:00+00:00,29.1299991607666,29.583999633789062,29.1299991607666,29.583999633789062,29.583999633789062,7800,SEPM,,,
2025-04-10 04:00:00+00:00,29.36000061035156,29.36000061035156,29.190000534057617,29.343000411987305,29.343000411987305,1500,SEPM,,,
2025-04-11 04:00:00+00:00,29.48600006103516,29.48600006103516,29.479999542236328,29.479999542236328,29.479999542236328,200,SEPM,,,
2025-04-14 04:00:00+00:00,29.51000022888184,29.600000381469727,29.51000022888184,29.53700065612793,29.53700065612793,400,SEPM,,,
2025-04-15 04:00:00+00:00,29.511999130249023,29.511999130249023,29.511999130249023,29.511999130249023,29.511999130249023,200,SEPM,,,
2025-04-16 04:00:00+00:00,29.309999465942383,29.35700035095215,29.309999465942383,29.35700035095215,29.35700035095215,200,SEPM,,,
2025-04-17 04:00:00+00:00,29.36100006103516,29.36100006103516,29.36100006103516,29.36100006103516,29.36100006103516,100,SEPM,,,
2025-04-21 04:00:00+00:00,29.15999984741211,29.229999542236328,29.15999984741211,29.229999542236328,29.229999542236328,200,SEPM,,,
2025-04-22 04:00:00+00:00,29.270000457763672,29.38999938964844,29.270000457763672,29.37299919128418,29.37299919128418,1600,SEPM,,,
2025-04-23 04:00:00+00:00,29.459999084472656,29.489999771118164,29.43000030517578,29.489999771118164,29.489999771118164,22800,SEPM,,,
2025-04-24 04:00:00+00:00,29.549999237060547,29.621000289916992,29.549999237060547,29.621000289916992,29.621000289916992,1400,SEPM,,,
2025-04-25 04:00:00+00:00,29.683000564575195,29.683000564575195,29.683000564575195,29.683000564575195,29.683000564575195,100,SEPM,,,
2025-04-28 04:00:00+00:00,29.68000030517578,29.698999404907227,29.68000030517578,29.698999404907227,29.698999404907227,1300,SEPM,,,
2025-04-29 04:00:00+00:00,29.749000549316406,29.749000549316406,29.749000549316406,29.749000549316406,29.749000549316406,200,SEPM,,,
2025-04-30 04:00:00+00:00,29.709999084472656,29.777999877929688,29.709999084472656,29.777999877929688,29.777999877929688,900,SEPM,,,
2025-05-01 04:00:00+00:00,29.790000915527344,29.825000762939453,29.790000915527344,29.825000762939453,29.825000762939453,200,SEPM,,,
2025-05-02 04:00:00+00:00,29.950000762939453,29.96999931335449,29.90999984741211,29.93099975585937,29.93099975585937,1500,SEPM,,,
2025-05-05 04:00:00+00:00,29.850000381469727,29.8799991607666,29.850000381469727,29.8799991607666,29.8799991607666,300,SEPM,,,
2025-05-06 04:00:00+00:00,29.700000762939453,29.83300018310547,29.700000762939453,29.83300018310547,29.83300018310547,400,SEPM,,,
2025-05-07 04:00:00+00:00,29.82999992370605,29.854999542236328,29.82999992370605,29.854999542236328,29.854999542236328,400,SEPM,,,
2025-05-08 04:00:00+00:00,29.959999084472656,29.959999084472656,29.89999961853028,29.89999961853028,29.89999961853028,300,SEPM,,,
2025-05-09 04:00:00+00:00,29.920000076293945,29.920000076293945,29.8799991607666,29.895000457763672,29.895000457763672,300,SEPM,,,
2025-05-12 04:00:00+00:00,30.100000381469727,30.145000457763672,30.100000381469727,30.145000457763672,30.145000457763672,200,SEPM,,,
2025-05-13 04:00:00+00:00,30.26000022888184,30.26000022888184,30.22100067138672,30.22100067138672,30.22100067138672,300,SEPM,,,
2025-05-14 04:00:00+00:00,30.231000900268555,30.231000900268555,30.231000900268555,30.231000900268555,30.231000900268555,200,SEPM,,,
2025-05-15 04:00:00+00:00,30.21500015258789,30.270000457763672,30.21500015258789,30.270000457763672,30.270000457763672,500,SEPM,,,
2025-05-16 04:00:00+00:00,30.33699989318848,30.33699989318848,30.33699989318848,30.33699989318848,30.33699989318848,200,SEPM,,,
2025-05-19 04:00:00+00:00,30.27499961853028,30.3439998626709,30.27499961853028,30.3439998626709,30.3439998626709,900,SEPM,,,
2025-05-20 04:00:00+00:00,30.299999237060547,30.299999237060547,30.295000076293945,30.295000076293945,30.295000076293945,100,SEPM,,,
2025-05-21 04:00:00+00:00,30.190000534057617,30.190000534057617,30.18899917602539,30.18899917602539,30.18899917602539,400,SEPM,,,
2025-05-22 04:00:00+00:00,30.15999984741211,30.21999931335449,30.15999984741211,30.194000244140625,30.194000244140625,1300,SEPM,,,
2025-05-23 04:00:00+00:00,30.10099983215332,30.165000915527344,30.10099983215332,30.155000686645508,30.155000686645508,1200,SEPM,,,
2025-05-27 04:00:00+00:00,30.229999542236328,30.32999992370605,30.229999542236328,30.31599998474121,30.31599998474121,700,SEPM,,,
2025-05-28 04:00:00+00:00,30.299999237060547,30.299999237060547,30.27400016784668,30.27400016784668,30.27400016784668,2400,SEPM,,,
2025-05-29 04:00:00+00:00,30.312000274658203,30.312000274658203,30.312000274658203,30.312000274658203,30.312000274658203,100,SEPM,,,
2025-05-30 04:00:00+00:00,30.290000915527344,30.33099937438965,30.290000915527344,30.33099937438965,30.33099937438965,300,SEPM,,,
2025-06-02 04:00:00+00:00,30.290000915527344,30.356000900268555,30.290000915527344,30.356000900268555,30.356000900268555,700,SEPM,,,
2025-06-03 04:00:00+00:00,30.43000030517578,30.43000030517578,30.415000915527344,30.415000915527344,30.415000915527344,200,SEPM,,,
2025-06-04 04:00:00+00:00,30.417999267578125,30.417999267578125,30.417999267578125,30.417999267578125,30.417999267578125,200,SEPM,,,
2025-06-05 04:00:00+00:00,30.40999984741211,30.40999984741211,30.3700008392334,30.371000289916992,30.371000289916992,1800,SEPM,,,
2025-06-06 04:00:00+00:00,30.459999084472656,30.472999572753903,30.459999084472656,30.472999572753903,30.472999572753903,200,SEPM,,,
2025-06-09 04:00:00+00:00,30.47900009155273,30.47900009155273,30.47900009155273,30.47900009155273,30.47900009155273,100,SEPM,,,
2025-06-10 04:00:00+00:00,30.459999084472656,30.51499938964844,30.459999084472656,30.51499938964844,30.51499938964844,300,SEPM,,,
2025-06-11 04:00:00+00:00,30.489999771118164,30.50200080871582,30.489999771118164,30.50200080871582,30.50200080871582,300,SEPM,,,
2025-06-12 04:00:00+00:00,30.540000915527344,30.540000915527344,30.53700065612793,30.53700065612793,30.53700065612793,300,SEPM,,,
2025-06-13 04:00:00+00:00,30.441999435424805,30.441999435424805,30.441999435424805,30.441999435424805,30.441999435424805,100,SEPM,,,
2025-06-16 04:00:00+00:00,30.520000457763672,30.56999969482422,30.520000457763672,30.530000686645508,30.530000686645508,1800,SEPM,,,
2025-06-17 04:00:00+00:00,30.46999931335449,30.46999931335449,30.46999931335449,30.46999931335449,30.46999931335449,100,SEPM,,,
2025-06-18 04:00:00+00:00,30.489999771118164,30.51499938964844,30.479999542236328,30.479999542236328,30.479999542236328,1700,SEPM,,,
2025-06-20 04:00:00+00:00,30.472000122070312,30.472000122070312,30.472000122070312,30.472000122070312,30.472000122070312,300,SEPM,,,
2025-06-23 04:00:00+00:00,30.559999465942383,30.57299995422364,30.459999084472656,30.57299995422364,30.57299995422364,2000,SEPM,,,
2025-06-24 04:00:00+00:00,30.59000015258789,30.65699958801269,30.59000015258789,30.65699958801269,30.65699958801269,1100,SEPM,,,
2025-06-25 04:00:00+00:00,30.64999961853028,30.6560001373291,30.64999961853028,30.6560001373291,30.6560001373291,1300,SEPM,,,
2025-06-26 04:00:00+00:00,30.68000030517578,30.75,30.68000030517578,30.718000411987305,30.718000411987305,6200,SEPM,,,
2025-06-27 04:00:00+00:00,30.690000534057617,30.7549991607666,30.690000534057617,30.7549991607666,30.7549991607666,7400,SEPM,,,
2025-06-30 04:00:00+00:00,30.75,30.78700065612793,30.739999771118164,30.78700065612793,30.78700065612793,3900,SEPM,,,
2025-07-01 04:00:00+00:00,30.76000022888184,30.81999969482422,30.76000022888184,30.780000686645508,30.780000686645508,11400,SEPM,,,
2025-07-02 04:00:00+00:00,30.850000381469727,30.850000381469727,30.80500030517578,30.80500030517578,30.80500030517578,2700,SEPM,,,
2025-07-03 04:00:00+00:00,30.854999542236328,30.854999542236328,30.854999542236328,30.854999542236328,30.854999542236328,300,SEPM,,,
2025-07-07 04:00:00+00:00,30.81999969482422,30.825000762939453,30.81999969482422,30.825000762939453,30.825000762939453,300,SEPM,,,
2025-07-08 04:00:00+00:00,30.780000686645508,30.8700008392334,30.780000686645508,30.816999435424805,30.816999435424805,3000,SEPM,,,
2025-07-09 04:00:00+00:00,30.90999984741211,30.90999984741211,30.864999771118164,30.8700008392334,30.8700008392334,2700,SEPM,,,
2025-07-10 04:00:00+00:00,30.920000076293945,30.920000076293945,30.8799991607666,30.8799991607666,30.8799991607666,400,SEPM,,,
2025-07-11 04:00:00+00:00,30.8799991607666,30.8799991607666,30.87700080871582,30.87700080871582,30.87700080871582,900,SEPM,,,
2025-07-14 04:00:00+00:00,30.88999938964844,30.90999984741211,30.86000061035156,30.90999984741211,30.90999984741211,1800,SEPM,,,
2025-07-15 04:00:00+00:00,30.84000015258789,30.86599922180176,30.84000015258789,30.86599922180176,30.86599922180176,800,SEPM,,,
2025-07-16 04:00:00+00:00,30.86000061035156,30.8799991607666,30.82999992370605,30.8799991607666,30.8799991607666,3300,SEPM,,,
2025-07-17 04:00:00+00:00,30.90999984741211,30.920000076293945,30.89999961853028,30.920000076293945,30.920000076293945,1500,SEPM,,,
2025-07-18 04:00:00+00:00,30.924999237060547,30.924999237060547,30.924999237060547,30.924999237060547,30.924999237060547,200,SEPM,,,
2025-07-21 04:00:00+00:00,30.96999931335449,30.96999931335449,30.94499969482422,30.94499969482422,30.94499969482422,3100,SEPM,,,
2025-07-22 04:00:00+00:00,30.93000030517578,30.95499992370605,30.93000030517578,30.95499992370605,30.95499992370605,900,SEPM,,,
2025-07-23 04:00:00+00:00,30.96999931335449,31.0,30.96999931335449,31.0,31.0,19700,SEPM,,,
2025-07-24 04:00:00+00:00,31.01499938964844,31.01499938964844,31.01499938964844,31.01499938964844,31.01499938964844,200,SEPM,,,
2025-07-25 04:00:00+00:00,31.02499961853028,31.02499961853028,31.02499961853028,31.02499961853028,31.02499961853028,100,SEPM,,,
2025-07-28 04:00:00+00:00,31.0310001373291,31.0310001373291,31.0310001373291,31.0310001373291,31.0310001373291,200,SEPM,,,
2025-07-29 04:00:00+00:00,31.049999237060547,31.059999465942383,31.01499938964844,31.02400016784668,31.02400016784668,4600,SEPM,,,
2025-07-30 04:00:00+00:00,31.01700019836425,31.01700019836425,31.01700019836425,31.01700019836425,31.01700019836425,100,SEPM,,,
2025-07-31 04:00:00+00:00,31.049999237060547,31.049999237060547,31.00900077819824,31.00900077819824,31.00900077819824,1600,SEPM,,,
2025-08-01 04:00:00+00:00,30.940000534057617,30.940000534057617,30.90999984741211,30.91699981689453,30.91699981689453,700,SEPM,,,
2025-08-04 04:00:00+00:00,30.979999542236328,31.030000686645508,30.979999542236328,31.01700019836425,31.01700019836425,300,SEPM,,,
2025-08-05 04:00:00+00:00,31.030000686645508,31.030000686645508,30.99099922180176,30.99099922180176,30.99099922180176,600,SEPM,,,
2025-08-06 04:00:00+00:00,31.049999237060547,31.049999237060547,31.04700088500977,31.04700088500977,31.04700088500977,600,SEPM,,,
2025-08-07 04:00:00+00:00,31.01000022888184,31.041000366210938,31.01000022888184,31.041000366210938,31.041000366210938,100,SEPM,,,
2025-08-08 04:00:00+00:00,31.11000061035156,31.11000061035156,31.09000015258789,31.104999542236328,31.104999542236328,600,SEPM,,,
2025-08-11 04:00:00+00:00,31.1200008392334,31.1200008392334,31.11000061035156,31.11800003051757,31.11800003051757,61400,SEPM,,,
2025-08-12 04:00:00+00:00,31.179000854492188,31.179000854492188,31.179000854492188,31.179000854492188,31.179000854492188,100,SEPM,,,
2025-08-13 04:00:00+00:00,31.19499969482422,31.19499969482422,31.19499969482422,31.19499969482422,31.19499969482422,100,SEPM,,,
2025-08-14 04:00:00+00:00,31.18000030517578,31.19799995422364,31.18000030517578,31.19799995422364,31.19799995422364,600,SEPM,,,
2025-08-15 04:00:00+00:00,31.15999984741211,31.21500015258789,31.15999984741211,31.20499992370605,31.20499992370605,400,SEPM,,,
2025-08-18 04:00:00+00:00,31.200000762939453,31.21500015258789,31.200000762939453,31.21500015258789,31.21500015258789,300,SEPM,,,
2025-08-19 04:00:00+00:00,31.18000030517578,31.1879997253418,31.170000076293945,31.1879997253418,31.1879997253418,1000,SEPM,,,
2025-08-20 04:00:00+00:00,31.14999961853028,31.18000030517578,31.14999961853028,31.166000366210938,31.166000366210938,600,SEPM,,,
2025-08-21 04:00:00+00:00,31.14699935913086,31.14699935913086,31.13999938964844,31.143999099731445,31.143999099731445,1900,SEPM,,,
2025-08-22 04:00:00+00:00,31.209999084472656,31.21500015258789,31.209999084472656,31.21500015258789,31.21500015258789,3400,SEPM,,,
2025-08-25 04:00:00+00:00,31.200000762939453,31.21999931335449,31.200000762939453,31.21999931335449,31.21999931335449,400,SEPM,,,
2025-08-26 04:00:00+00:00,31.229999542236328,31.23200035095215,31.21999931335449,31.23200035095215,31.23200035095215,1100,SEPM,,,
2025-08-27 04:00:00+00:00,31.2549991607666,31.2549991607666,31.2549991607666,31.2549991607666,31.2549991607666,200,SEPM,,,
2025-08-28 04:00:00+00:00,31.270000457763672,31.27300071716309,31.270000457763672,31.27300071716309,31.27300071716309,200,SEPM,,,
2025-08-29 04:00:00+00:00,31.299999237060547,31.299999237060547,31.270000457763672,31.27499961853028,31.27499961853028,300,SEPM,,,
2025-09-02 04:00:00+00:00,31.253999710083008,31.253999710083008,31.253999710083008,31.253999710083008,31.253999710083008,100,SEPM,,,
2025-09-03 04:00:00+00:00,31.280000686645508,31.295000076293945,31.25,31.295000076293945,31.295000076293945,1200,SEPM,,,
2025-09-04 04:00:00+00:00,31.3799991607666,31.3799991607666,31.290000915527344,31.29899978637696,31.29899978637696,1600,SEPM,,,
2025-09-05 04:00:00+00:00,31.31999969482422,31.31999969482422,31.319000244140625,31.319000244140625,31.319000244140625,300,SEPM,,,
2025-09-08 04:00:00+00:00,31.32999992370605,31.32999992370605,31.31999969482422,31.325000762939453,31.325000762939453,1100,SEPM,,,
2025-09-09 04:00:00+00:00,31.43000030517578,31.43000030517578,31.334999084472656,31.334999084472656,31.334999084472656,500,SEPM,,,
2025-09-10 04:00:00+00:00,31.31999969482422,31.34000015258789,31.31999969482422,31.34000015258789,31.34000015258789,200,SEPM,,,
2025-09-11 04:00:00+00:00,31.350000381469727,31.350000381469727,31.31999969482422,31.349000930786133,31.349000930786133,600,SEPM,,,
2025-09-12 04:00:00+00:00,31.356000900268555,31.36000061035156,31.354999542236328,31.354999542236328,31.354999542236328,900,SEPM,,,
2025-09-15 04:00:00+00:00,31.36000061035156,31.364999771118164,31.354999542236328,31.354999542236328,31.354999542236328,1000,SEPM,,,
2025-09-16 04:00:00+00:00,31.36199951171875,31.364999771118164,31.36000061035156,31.364999771118164,31.364999771118164,500,SEPM,,,
2025-09-17 04:00:00+00:00,31.38999938964844,31.43000030517578,31.36000061035156,31.391000747680664,31.391000747680664,11800,SEPM,,,
2025-09-18 04:00:00+00:00,31.40699958801269,31.410999298095703,31.395000457763672,31.395999908447266,31.395999908447266,7900,SEPM,,,
2025-09-19 04:00:00+00:00,31.40999984741211,31.440000534057617,31.3799991607666,31.40999984741211,31.40999984741211,43600,SEPM,,,
2025-09-22 04:00:00+00:00,31.5,31.5,31.36000061035156,31.43000030517578,31.43000030517578,28900,SEPM,,,
2025-09-23 04:00:00+00:00,31.420000076293945,31.440000534057617,31.3700008392334,31.395000457763672,31.395000457763672,15800,SEPM,,,
2025-09-24 04:00:00+00:00,31.3799991607666,31.39999961853028,31.36000061035156,31.3799991607666,31.3799991607666,34400,SEPM,,,
2025-09-25 04:00:00+00:00,31.315000534057617,31.3700008392334,31.309999465942383,31.350000381469727,31.350000381469727,43700,SEPM,,,
2025-09-26 04:00:00+00:00,31.3700008392334,31.38999938964844,31.32999992370605,31.38999938964844,31.38999938964844,19800,SEPM,,,
2025-09-29 04:00:00+00:00,31.39999961853028,31.40999984741211,31.38999938964844,31.38999938964844,31.38999938964844,26600,SEPM,,,
2025-09-30 04:00:00+00:00,31.39999961853028,31.450000762939453,31.3700008392334,31.43000030517578,31.43000030517578,26800,SEPM,,,
2025-10-01 04:00:00+00:00,31.43000030517578,31.489999771118164,31.43000030517578,31.475000381469727,31.475000381469727,26900,SEPM,,,
2025-10-02 04:00:00+00:00,31.59000015258789,31.59000015258789,31.440000534057617,31.46500015258789,31.46500015258789,36300,SEPM,,,
2025-10-03 04:00:00+00:00,31.5,31.520000457763672,31.465999603271484,31.465999603271484,31.465999603271484,15400,SEPM,,,
2025-10-06 04:00:00+00:00,31.48500061035156,31.5,31.46999931335449,31.49399948120117,31.49399948120117,16600,SEPM,,,
2025-10-07 04:00:00+00:00,31.51000022888184,31.51000022888184,31.45499992370605,31.45800018310547,31.45800018310547,5100,SEPM,,,
2025-10-08 04:00:00+00:00,31.479999542236328,31.51000022888184,31.479999542236328,31.51000022888184,31.51000022888184,1700,SEPM,,,
2025-10-09 04:00:00+00:00,31.489999771118164,31.489999771118164,31.459999084472656,31.465999603271484,31.465999603271484,8400,SEPM,,,
2025-10-10 04:00:00+00:00,31.5,31.520000457763672,31.333999633789062,31.333999633789062,31.333999633789062,8100,SEPM,,,
2025-10-13 04:00:00+00:00,31.420000076293945,31.440000534057617,31.40999984741211,31.434999465942383,31.434999465942383,4600,SEPM,,,
2025-10-14 04:00:00+00:00,31.39999961853028,31.440000534057617,31.39999961853028,31.39999961853028,31.39999961853028,1000,SEPM,,,
2025-10-15 04:00:00+00:00,31.489999771118164,31.489999771118164,31.40999984741211,31.44599914550781,31.44599914550781,3900,SEPM,,,
2025-10-16 04:00:00+00:00,31.46699905395508,31.46699905395508,31.39999961853028,31.43000030517578,31.43000030517578,9500,SEPM,,,
2025-10-17 04:00:00+00:00,31.40999984741211,31.489999771118164,31.405000686645508,31.46500015258789,31.46500015258789,14900,SEPM,,,
2025-10-20 04:00:00+00:00,31.540000915527344,31.540000915527344,31.52899932861328,31.52899932861328,31.52899932861328,4600,SEPM,,,
2025-10-21 04:00:00+00:00,31.53899955749512,31.53899955749512,31.53899955749512,31.53899955749512,31.53899955749512,0,SEPM,,,
2025-10-22 04:00:00+00:00,31.520999908447266,31.520999908447266,31.459999084472656,31.49799919128418,31.49799919128418,4100,SEPM,,,
2025-10-23 04:00:00+00:00,31.5,31.549999237060547,31.5,31.53499984741211,31.53499984741211,1400,SEPM,,,
2025-10-24 04:00:00+00:00,31.61000061035156,31.61000061035156,31.59000015258789,31.59000015258789,31.59000015258789,300,SEPM,,,
2025-10-27 04:00:00+00:00,31.64999961853028,31.64999961853028,31.63800048828125,31.63800048828125,31.63800048828125,300,SEPM,,,
2025-10-28 04:00:00+00:00,31.645999908447266,31.68000030517578,31.645999908447266,31.65999984741211,31.65999984741211,6500,SEPM,,,
2025-10-29 04:00:00+00:00,31.61000061035156,31.61599922180176,31.61000061035156,31.61599922180176,31.61599922180176,300,SEPM,,,
2025-10-30 04:00:00+00:00,31.59000015258789,31.61000061035156,31.55699920654297,31.55699920654297,31.55699920654297,12400,SEPM,,,
2025-10-31 04:00:00+00:00,31.61000061035156,31.6200008392334,31.559999465942383,31.57900047302246,31.57900047302246,4400,SEPM,,,
2025-11-03 05:00:00+00:00,31.700000762939453,31.700000762939453,31.589000701904297,31.589000701904297,31.589000701904297,200,SEPM,,,
2025-11-04 05:00:00+00:00,31.530000686645508,31.530000686645508,31.52300071716309,31.52300071716309,31.52300071716309,400,SEPM,,,
2025-11-05 05:00:00+00:00,31.573999404907227,31.57999992370605,31.549999237060547,31.549999237060547,31.549999237060547,1000,SEPM,,,
2025-11-06 05:00:00+00:00,31.63999938964844,31.63999938964844,31.479999542236328,31.492000579833984,31.492000579833984,1400,SEPM,,,
2025-11-07 05:00:00+00:00,31.82999992370605,31.82999992370605,31.489999771118164,31.5,31.5,12500,SEPM,,,
2025-11-10 05:00:00+00:00,31.56399917602539,31.600000381469727,31.56399917602539,31.59499931335449,31.59499931335449,1700,SEPM,,,
2025-11-11 05:00:00+00:00,31.56999969482422,31.606000900268555,31.56999969482422,31.606000900268555,31.606000900268555,1200,SEPM,,,
2025-11-12 05:00:00+00:00,31.600000381469727,31.60300064086914,31.59000015258789,31.60300064086914,31.60300064086914,500,SEPM,,,
2025-11-13 05:00:00+00:00,31.51000022888184,31.549999237060547,31.4950008392334,31.4950008392334,31.4950008392334,2500,SEPM,,,
2025-11-14 05:00:00+00:00,31.540000915527344,31.540000915527344,31.489999771118164,31.520000457763672,31.520000457763672,1500,SEPM,,,
2025-11-17 05:00:00+00:00,31.520000457763672,31.520000457763672,31.437000274658203,31.437000274658203,31.437000274658203,600,SEPM,,,
2025-11-18 05:00:00+00:00,31.40999984741211,31.440000534057617,31.3799991607666,31.39200019836425,31.39200019836425,900,SEPM,,,
2025-11-19 05:00:00+00:00,31.40999984741211,31.40999984741211,31.3700008392334,31.40699958801269,31.40699958801269,8900,SEPM,,,
2025-11-20 05:00:00+00:00,31.540000915527344,31.540000915527344,31.32099914550781,31.32099914550781,31.32099914550781,4700,SEPM,,,
2025-11-21 05:00:00+00:00,31.350000381469727,31.382999420166016,31.350000381469727,31.382999420166016,31.382999420166016,400,SEPM,,,
2025-11-24 05:00:00+00:00,31.51000022888184,31.51000022888184,31.5,31.5,31.5,200,SEPM,,,
2025-11-25 05:00:00+00:00,31.565000534057617,31.565000534057617,31.56399917602539,31.56399917602539,31.56399917602539,200,SEPM,,,
2025-11-26 05:00:00+00:00,31.61199951171875,31.61199951171875,31.61199951171875,31.61199951171875,31.61199951171875,100,SEPM,,,
2025-11-28 05:00:00+00:00,31.655000686645508,31.655000686645508,31.61100006103516,31.655000686645508,31.655000686645508,300,SEPM,,,
2025-12-01 05:00:00+00:00,31.63999938964844,31.63999938964844,31.61100006103516,31.61100006103516,31.61100006103516,400,SEPM,,,
2025-12-02 05:00:00+00:00,31.64999961853028,31.68000030517578,31.64299964904785,31.645000457763672,31.645000457763672,900,SEPM,,,
2025-12-03 05:00:00+00:00,31.65999984741211,31.700000762939453,31.64999961853028,31.670000076293945,31.670000076293945,5700,SEPM,,,
2025-12-04 05:00:00+00:00,31.68000030517578,31.68000030517578,31.63999938964844,31.674999237060547,31.674999237060547,1000,SEPM,,,
2025-12-05 05:00:00+00:00,31.698999404907227,31.70199966430664,31.69599914550781,31.69599914550781,31.69599914550781,1500,SEPM,,,
2025-12-08 05:00:00+00:00,31.676000595092773,31.676000595092773,31.676000595092773,31.676000595092773,31.676000595092773,200,SEPM,,,
2025-12-09 05:00:00+00:00,31.670000076293945,31.71999931335449,31.670000076293945,31.674999237060547,31.674999237060547,5700,SEPM,,,
2025-12-10 05:00:00+00:00,31.690000534057617,31.729999542236328,31.67799949645996,31.72900009155273,31.72900009155273,10200,SEPM,,,
2025-12-11 05:00:00+00:00,31.700000762939453,31.729999542236328,31.700000762939453,31.729999542236328,31.729999542236328,4800,SEPM,,,
2025-12-12 05:00:00+00:00,31.709999084472656,31.709999084472656,31.690000534057617,31.690000534057617,31.690000534057617,200,SEPM,,,
2025-12-15 05:00:00+00:00,31.670000076293945,31.68899917602539,31.670000076293945,31.68899917602539,31.68899917602539,200,SEPM,,,
2025-12-16 05:00:00+00:00,31.64999961853028,31.68600082397461,31.64999961853028,31.68600082397461,31.68600082397461,700,SEPM,,,
2025-12-17 05:00:00+00:00,31.63999938964844,31.63999938964844,31.60199928283692,31.60199928283692,31.60199928283692,600,SEPM,,,
2025-12-18 05:00:00+00:00,31.690000534057617,31.700000762939453,31.690000534057617,31.690000534057617,31.690000534057617,4400,SEPM,,,
2025-12-19 05:00:00+00:00,31.71999931335449,31.739999771118164,31.71999931335449,31.73600006103516,31.73600006103516,900,SEPM,,,
2025-12-22 05:00:00+00:00,31.799999237060547,31.799999237060547,31.79800033569336,31.79800033569336,31.79800033569336,200,SEPM,,,
2025-12-23 05:00:00+00:00,31.78499984741211,31.850000381469727,31.78499984741211,31.850000381469727,31.850000381469727,400,SEPM,,,
2025-12-24 05:00:00+00:00,31.825000762939453,31.843000411987305,31.809999465942383,31.840999603271484,31.840999603271484,2100,SEPM,,,
2025-12-26 05:00:00+00:00,31.854999542236328,31.854999542236328,31.854999542236328,31.854999542236328,31.854999542236328,300,SEPM,,,
2025-12-29 05:00:00+00:00,31.850000381469727,31.86000061035156,31.81999969482422,31.84499931335449,31.84499931335449,2000,SEPM,,,
2025-12-30 05:00:00+00:00,31.86000061035156,31.86000061035156,31.81999969482422,31.8439998626709,31.8439998626709,3800,SEPM,,,
2025-12-31 05:00:00+00:00,31.834999084472656,31.850000381469727,31.780000686645508,31.80599975585937,31.80599975585937,9500,SEPM,,,
2026-01-02 05:00:00+00:00,31.82099914550781,31.82099914550781,31.82099914550781,31.82099914550781,31.82099914550781,500,SEPM,,,
2026-01-05 05:00:00+00:00,31.875,31.88999938964844,31.84000015258789,31.86100006103516,31.86100006103516,9800,SEPM,,,
2026-01-06 05:00:00+00:00,31.8799991607666,31.920000076293945,31.8799991607666,31.90900039672852,31.90900039672852,22100,SEPM,,,
2026-01-07 05:00:00+00:00,31.891000747680664,31.895000457763672,31.891000747680664,31.895000457763672,31.895000457763672,1000,SEPM,,,
2026-01-08 05:00:00+00:00,31.90999984741211,31.915000915527344,31.905000686645508,31.905000686645508,31.905000686645508,7400,SEPM,,,
2026-01-09 05:00:00+00:00,31.950000762939453,31.959999084472656,31.950000762939453,31.959999084472656,31.959999084472656,2000,SEPM,,,
2026-01-12 05:00:00+00:00,31.94499969482422,31.94499969482422,31.94499969482422,31.94499969482422,31.94499969482422,200,SEPM,,,
2026-01-13 05:00:00+00:00,31.934999465942383,31.9379997253418,31.934999465942383,31.9379997253418,31.9379997253418,600,SEPM,,,
2026-01-14 05:00:00+00:00,31.940000534057617,31.940000534057617,31.88999938964844,31.920000076293945,31.920000076293945,900,SEPM,,,
2026-01-15 05:00:00+00:00,31.940000534057617,31.940000534057617,31.920000076293945,31.920000076293945,31.920000076293945,11500,SEPM,,,
2026-01-16 05:00:00+00:00,31.940000534057617,31.940000534057617,31.90999984741211,31.90999984741211,31.90999984741211,2200,SEPM,,,
2026-01-20 05:00:00+00:00,31.850000381469727,31.86000061035156,31.76000022888184,31.78700065612793,31.78700065612793,5200,SEPM,,,
2026-01-21 05:00:00+00:00,31.84000015258789,31.8799991607666,31.82999992370605,31.86599922180176,31.86599922180176,2200,SEPM,,,
2026-01-22 05:00:00+00:00,31.90999984741211,31.90999984741211,31.8799991607666,31.905000686645508,31.905000686645508,3200,SEPM,,,
2026-01-23 05:00:00+00:00,31.90999984741211,31.92099952697754,31.89999961853028,31.92099952697754,31.92099952697754,500,SEPM,,,
2026-01-26 05:00:00+00:00,31.940000534057617,31.979999542236328,31.940000534057617,31.95499992370605,31.95499992370605,500,SEPM,,,
2026-01-27 05:00:00+00:00,31.959999084472656,31.981000900268555,31.959999084472656,31.981000900268555,31.981000900268555,100,SEPM,,,
2026-01-28 05:00:00+00:00,31.975000381469727,31.98500061035156,31.950000762939453,31.98500061035156,31.98500061035156,1800,SEPM,,,
2026-01-29 05:00:00+00:00,31.959999084472656,31.975000381469727,31.90999984741211,31.975000381469727,31.975000381469727,5600,SEPM,,,
2026-01-30 05:00:00+00:00,31.934999465942383,31.950000762939453,31.920000076293945,31.950000762939453,31.950000762939453,4500,SEPM,,,
2026-02-02 05:00:00+00:00,31.950000762939453,32.00899887084961,31.950000762939453,31.983999252319336,31.983999252319336,1500,SEPM,,,
2026-02-03 05:00:00+00:00,31.98500061035156,31.98500061035156,31.90999984741211,31.93600082397461,31.93600082397461,3400,SEPM,,,
2026-02-04 05:00:00+00:00,31.89999961853028,31.940000534057617,31.850000381469727,31.850000381469727,31.850000381469727,6100,SEPM,,,
2026-02-05 05:00:00+00:00,31.790000915527344,31.81999969482422,31.790000915527344,31.809999465942383,31.809999465942383,1800,SEPM,,,
2026-02-06 05:00:00+00:00,31.972000122070312,31.972000122070312,31.972000122070312,31.972000122070312,31.972000122070312,100,SEPM,,,
2026-02-09 05:00:00+00:00,31.979999542236328,32.005001068115234,31.979999542236328,32.005001068115234,32.005001068115234,300,SEPM,,,
2026-02-10 05:00:00+00:00,32.0099983215332,32.0099983215332,31.959999084472656,31.959999084472656,31.959999084472656,2200,SEPM,,,
2026-02-11 05:00:00+00:00,31.98500061035156,31.9950008392334,31.98500061035156,31.98699951171875,31.98699951171875,600,SEPM,,,
2026-02-12 05:00:00+00:00,31.940000534057617,31.940000534057617,31.878999710083008,31.878999710083008,31.878999710083008,6100,SEPM,,,
2026-02-13 05:00:00+00:00,31.86000061035156,31.93000030517578,31.850000381469727,31.891000747680664,31.891000747680664,3300,SEPM,,,
2026-02-17 05:00:00+00:00,31.82999992370605,31.89999961853028,31.82999992370605,31.89999961853028,31.89999961853028,300,SEPM,,,
2026-02-18 05:00:00+00:00,31.940000534057617,31.948999404907227,31.93000030517578,31.948999404907227,31.948999404907227,400,SEPM,,,
2026-02-19 05:00:00+00:00,31.920000076293945,31.93000030517578,31.8799991607666,31.93000030517578,31.93000030517578,5800,SEPM,,,
2026-02-20 05:00:00+00:00,31.90999984741211,31.979999542236328,31.90999984741211,31.979999542236328,31.979999542236328,1000,SEPM,,,
2026-02-23 05:00:00+00:00,31.920000076293945,31.920000076293945,31.86000061035156,31.9060001373291,31.9060001373291,17500,SEPM,,,
2026-02-24 05:00:00+00:00,31.88999938964844,31.975000381469727,31.88999938964844,31.975000381469727,31.975000381469727,1300,SEPM,,,
2026-02-25 05:00:00+00:00,32.025001525878906,32.029998779296875,31.979999542236328,32.029998779296875,32.029998779296875,1400,SEPM,,,
2026-02-26 05:00:00+00:00,32.0,32.0,32.0,32.0,32.0,100,SEPM,,,
2026-02-27 05:00:00+00:00,31.920000076293945,31.97599983215332,31.920000076293945,31.97599983215332,31.97599983215332,3100,SEPM,,,
2026-03-02 05:00:00+00:00,31.96500015258789,31.979999542236328,31.940000534057617,31.979999542236328,31.979999542236328,12100,SEPM,,,
2026-03-03 05:00:00+00:00,31.96999931335449,31.96999931335449,31.770000457763672,31.913000106811523,31.913000106811523,2800,SEPM,,,
2026-03-04 05:00:00+00:00,31.900999069213867,31.979999542236328,31.900999069213867,31.975000381469727,31.975000381469727,2600,SEPM,,,
2026-03-05 05:00:00+00:00,31.895000457763672,31.92799949645996,31.895000457763672,31.92799949645996,31.92799949645996,200,SEPM,,,
2026-03-06 05:00:00+00:00,31.81999969482422,31.8700008392334,31.81999969482422,31.84000015258789,31.84000015258789,5000,SEPM,,,
2026-03-09 04:00:00+00:00,31.770000457763672,31.89800071716309,31.770000457763672,31.89800071716309,31.89800071716309,200,SEPM,,,
2026-03-10 04:00:00+00:00,31.90999984741211,31.90999984741211,31.84000015258789,31.84000015258789,31.84000015258789,1600,SEPM,0.0,0.0,0.0
2026-03-11 04:00:00+00:00,31.8799991607666,31.8799991607666,31.84000015258789,31.8799991607666,31.8799991607666,4800,SEPM,0.0,0.0,0.0
2026-03-12 04:00:00+00:00,31.809999465942383,31.809999465942383,31.76000022888184,31.76799964904785,31.76799964904785,21400,SEPM,0.0,0.0,0.0
2026-03-13 04:00:00+00:00,31.799999237060547,31.799999237060547,31.72699928283692,31.72699928283692,31.72699928283692,4600,SEPM,0.0,0.0,0.0
2026-03-16 04:00:00+00:00,31.86000061035156,31.86000061035156,31.780000686645508,31.815000534057617,31.815000534057617,2200,SEPM,0.0,0.0,0.0
2026-03-17 04:00:00+00:00,31.799999237060547,31.84600067138672,31.799999237060547,31.84600067138672,31.84600067138672,1000,SEPM,0.0,0.0,0.0
2026-03-18 04:00:00+00:00,31.80500030517578,31.80500030517578,31.7450008392334,31.7450008392334,31.7450008392334,300,SEPM,0.0,0.0,0.0
2026-03-19 04:00:00+00:00,31.68000030517578,31.700000762939453,31.68000030517578,31.700000762939453,31.700000762939453,2300,SEPM,0.0,0.0,0.0
2026-03-20 04:00:00+00:00,31.655000686645508,31.655000686645508,31.559999465942383,31.614999771118164,31.614999771118164,3900,SEPM,0.0,0.0,0.0
2026-03-23 04:00:00+00:00,31.71999931335449,31.71999931335449,31.65999984741211,31.65999984741211,31.65999984741211,5100,SEPM,0.0,0.0,0.0
2026-03-24 04:00:00+00:00,31.6299991607666,31.676000595092773,31.6299991607666,31.676000595092773,31.676000595092773,2000,SEPM,0.0,0.0,0.0
2026-03-25 04:00:00+00:00,31.700000762939453,31.780000686645508,31.700000762939453,31.724000930786133,31.724000930786133,7100,SEPM,0.0,0.0,0.0
2026-03-26 04:00:00+00:00,31.68000030517578,31.68000030517578,31.56999969482422,31.59000015258789,31.59000015258789,18800,SEPM,0.0,0.0,0.0
2026-03-27 04:00:00+00:00,31.459999084472656,31.472000122070312,31.459999084472656,31.472000122070312,31.472000122070312,400,SEPM,0.0,0.0,0.0
2026-03-30 04:00:00+00:00,31.5,31.5,31.38999938964844,31.44599914550781,31.44599914550781,900,SEPM,0.0,0.0,0.0
2026-03-31 04:00:00+00:00,31.5,31.65800094604492,31.5,31.65800094604492,31.65800094604492,1300,SEPM,0.0,0.0,0.0
2026-04-01 04:00:00+00:00,31.709999084472656,31.770000457763672,31.709999084472656,31.770000457763672,31.770000457763672,1200,SEPM,0.0,0.0,0.0
2026-04-02 04:00:00+00:00,31.700000762939453,31.739999771118164,31.700000762939453,31.709999084472656,31.709999084472656,2100,SEPM,0.0,0.0,0.0
2026-04-06 04:00:00+00:00,31.6200008392334,31.777999877929688,31.6200008392334,31.777999877929688,31.777999877929688,2600,SEPM,0.0,0.0,0.0
2026-04-07 04:00:00+00:00,31.670000076293945,31.78499984741211,31.670000076293945,31.78499984741211,31.78499984741211,2100,SEPM,0.0,0.0,0.0
2026-04-08 04:00:00+00:00,31.940000534057617,31.979999542236328,31.940000534057617,31.979999542236328,31.979999542236328,900,SEPM,0.0,0.0,0.0
2026-04-09 04:00:00+00:00,32.02000045776367,32.06999969482422,32.0,32.040000915527344,32.040000915527344,2600,SEPM,0.0,0.0,0.0
2026-04-10 04:00:00+00:00,32.04999923706055,32.04999923706055,32.04999923706055,32.04999923706055,32.04999923706055,100,SEPM,0.0,0.0,0.0
2026-04-13 04:00:00+00:00,32.06999969482422,32.1150016784668,32.06999969482422,32.1150016784668,32.1150016784668,100,SEPM,0.0,0.0,0.0
2026-04-14 04:00:00+00:00,32.15999984741211,32.209999084472656,32.15999984741211,32.20000076293945,32.20000076293945,600,SEPM,0.0,0.0,0.0
2026-04-15 04:00:00+00:00,32.25,32.25,32.22999954223633,32.22999954223633,32.22999954223633,100,SEPM,0.0,0.0,0.0
2026-04-16 00:00:00+00:00,32.279998779296875,32.279998779296875,32.26499938964844,32.26499938964844,32.26499938964844,100,SEPM,0.0,0.0,0.0
2026-04-17 00:00:00+00:00,32.33000183105469,32.33000183105469,32.310001373291016,32.33000183105469,32.33000183105469,500,SEPM,0.0,0.0,0.0
2026-04-20 00:00:00+00:00,32.369998931884766,32.369998931884766,32.32500076293945,32.32500076293945,32.32500076293945,2700,SEPM,0.0,0.0,0.0
2026-04-21 00:00:00+00:00,32.29999923706055,32.29999923706055,32.290000915527344,32.290000915527344,32.290000915527344,1700,SEPM,0.0,0.0,0.0
2026-04-22 00:00:00+00:00,32.18000030517578,32.369998931884766,32.18000030517578,32.349998474121094,32.349998474121094,1500,SEPM,0.0,0.0,0.0
2026-04-23 00:00:00+00:00,32.33000183105469,32.33000183105469,32.33000183105469,32.33000183105469,32.33000183105469,300,SEPM,0.0,0.0,0.0
2026-04-24 00:00:00+00:00,32.349998474121094,32.36800003051758,32.349998474121094,32.36800003051758,32.36800003051758,21200,SEPM,0.0,0.0,0.0
